candidate,broad_sample,pert_iname,target,target_list,smiles,target_match,target_list_match,candidate_distance,candidate_distance2,perturbation_distance,restoration_score,distance_ratio,plates,wells,pathway
TG-02|CDK9|BRD-K14560436-001-01-4,BRD-K14560436-001-01-4,TG-02,CDK9,CDK1|CDK2|CDK7|CDK9|FLT3|JAK2,CN1C\C=C\CCOc2cccc(c2)-c2ccnc(Nc3cccc(C1)c3)n2,False,False,2.376772884835097,5.649049346087349,3.4831696760700943,0.317640796782538,0.682359203217462,['BR00116991'],['L21'],not_verified_in_tiny_mvp
N-alpha-Methylhistamine-dihydrochloride|HRH4|BRD-K75390981-300-04-9,BRD-K75390981-300-04-9,N-alpha-Methylhistamine-dihydrochloride,HRH4,HRH4,CNCCc1cnc[nH]1,False,False,2.420905088855996,5.86078144924886,3.4831696760700943,0.30497066924781546,0.6950293307521845,['BR00116991'],['H23'],not_verified_in_tiny_mvp
FPS-ZM1|AGER|BRD-K87691185-001-01-2,BRD-K87691185-001-01-2,FPS-ZM1,AGER,AGER,Clc1ccc(cc1)C(=O)N(Cc1ccccc1)C1CCCCC1,False,False,2.4494341915219904,5.999727858596986,3.4831696760700943,0.29678011141711735,0.7032198885828826,['BR00116991'],['K22'],not_verified_in_tiny_mvp
CVT-10216|ALDH2|BRD-K60659193-001-01-0,BRD-K60659193-001-01-0,CVT-10216,ALDH2,ALDH2,CS(=O)(=O)Nc1ccc(cc1)-c1coc2cc(OCc3cccc(c3)C(O)=O)ccc2c1=O,False,False,2.566061108154613,6.58466961078368,3.4831696760700943,0.26329712681437634,0.7367028731856237,['BR00116991'],['B20'],not_verified_in_tiny_mvp
ibutilide|KCNK1|BRD-A74391928-051-03-9,BRD-A74391928-051-03-9,ibutilide,KCNK1,CACNA1C|CACNA2D1|CACNB1|CACNG1|KCNH2|KCNH6|KCNH7|KCNJ11|KCNK1|KCNK6,CCCCCCCN(CC)CCCC(O)c1ccc(NS(C)(=O)=O)cc1,False,False,2.5865265356646754,6.690119519697507,3.4831696760700943,0.257421608417826,0.742578391582174,['BR00116991'],['H15'],not_verified_in_tiny_mvp
DG-172|PPARD|BRD-K75748943-300-01-3,BRD-K75748943-300-01-3,DG-172,PPARD,PPARD,CN1CCN(CC1)c1ccc(cc1)\C=C(/C#N)c1ccccc1Br,False,False,2.5994181008077972,6.756974462807216,3.4831696760700943,0.2537205067368814,0.7462794932631186,['BR00116991'],['D13'],not_verified_in_tiny_mvp
rifamycin|SLCO2B1|BRD-K38512030-001-01-7,BRD-K38512030-001-01-7,rifamycin,SLCO2B1,SLCO1A2|SLCO1B1|SLCO1B3|SLCO2B1,CO[C@H]1\C=C\O[C@@]2(C)Oc3c(C2=O)c2c(O)cc(NC(=O)\C(C)=C/C=C/[C@H](C)[C@H](O)[C@@H](C)[C@@H](O)[C@@H](C)[C@H](OC(C)=O)[C@@H]1C)c(O)c2c(O)c3C,False,False,2.6543495849938394,7.0455717193569685,3.4831696760700943,0.2379499617176668,0.7620500382823332,['BR00116991'],['J02'],not_verified_in_tiny_mvp
methoxsalen|CYP1A2|BRD-K63430059-001-16-4,BRD-K63430059-001-16-4,methoxsalen,CYP1A2,CYP1A1|CYP1A2|CYP2A13|CYP2A6|CYP3A4,COc1c2occc2cc2ccc(=O)oc12,False,False,2.74254838908814,7.521571666489954,3.4831696760700943,0.2126285412022626,0.7873714587977374,['BR00116991'],['M14'],not_verified_in_tiny_mvp
sulfinpyrazone|FPR1|BRD-A36217750-001-16-3,BRD-A36217750-001-16-3,sulfinpyrazone,FPR1,ABCC1|ABCC2|FPR1|SLC22A12,O=C1C(CCS(=O)c2ccccc2)C(=O)N(N1c1ccccc1)c1ccccc1,False,False,2.7545452714217546,7.587519652311947,3.4831696760700943,0.20918429832887298,0.790815701671127,['BR00116991'],['F12'],not_verified_in_tiny_mvp
dilazep|SLC29A1|BRD-K48722258-300-11-0,BRD-K48722258-300-11-0,dilazep,SLC29A1,SLC29A1,COc1cc(cc(OC)c1OC)C(=O)OCCCN1CCCN(CCCOC(=O)c2cc(OC)c(OC)c(OC)c2)CC1,False,False,2.774540754077433,7.69807639603657,3.4831696760700943,0.2034436986695901,0.7965563013304099,['BR00116991'],['G14'],not_verified_in_tiny_mvp
U-0521|COMT|BRD-K08953028-001-09-6,BRD-K08953028-001-09-6,U-0521,COMT,COMT,CC(C)C(=O)c1ccc(O)c(O)c1,False,False,2.810652188584113,7.8997657251926645,3.4831696760700943,0.19307629258117565,0.8069237074188244,['BR00116991'],['O19'],not_verified_in_tiny_mvp
octreotide|SSTR2|BRD-A64173453-015-03-1,BRD-A64173453-015-03-1,octreotide,SSTR2,SSTR1|SSTR2|SSTR3|SSTR5,CC(O)C(CO)NC(=O)C1CSSCC(NC(=O)C(N)Cc2ccccc2)C(=O)NC(Cc2ccccc2)C(=O)NC(Cc2c[nH]c3ccccc23)C(=O)NC(CCCCN)C(=O)NC(C(C)O)C(=O)N1,False,False,2.81164705929267,7.905359186029121,3.4831696760700943,0.19279067034594788,0.8072093296540521,['BR00116991'],['I23'],not_verified_in_tiny_mvp
sorbinil|AKR1B1|BRD-A89164055-001-03-3,BRD-A89164055-001-03-3,sorbinil,AKR1B1,AKR1B1,Fc1ccc2OCCC3(NC(=O)NC3=O)c2c1,False,False,2.8191116782322383,7.947390654345386,3.4831696760700943,0.1906476168533635,0.8093523831466365,['BR00116991'],['G20'],not_verified_in_tiny_mvp
SirReal-2|SIRT2|BRD-K16472653-001-01-6,BRD-K16472653-001-01-6,SirReal-2,SIRT2,SIRT2,Cc1cc(C)nc(SCC(=O)Nc2ncc(Cc3cccc4ccccc34)s2)n1,False,False,2.826268513507352,7.987793710443057,3.4831696760700943,0.1885929264590711,0.8114070735409289,['BR00116991'],['B13'],not_verified_in_tiny_mvp
citric-acid|RNASE1|BRD-K76792669-001-08-1,BRD-K76792669-001-08-1,citric-acid,RNASE1,AKR1B1|ANG|APRT|BHMT|C8G|CA4|CPB1|CS|CTDSP1|GNMT|HGS|HS3ST3A1|IL4I1|ITPA|LSM6|MDH2|MIF|PDE5A|PKD2L1|PLEKHA1|RNASE1|RNASE3|SRC|TNFSF13B|UCK2,OC(=O)CC(O)(CC(O)=O)C(O)=O,False,False,2.858177648042279,8.169179467768492,3.4831696760700943,0.179431978959402,0.820568021040598,['BR00116991'],['H12'],not_verified_in_tiny_mvp
misoprostol|PTGIR|BRD-A72351335-001-04-5,BRD-A72351335-001-04-5,misoprostol,PTGIR,PTGER2|PTGER3|PTGER4|PTGIR,CCCCC(C)(O)C\C=C\[C@H]1[C@H](O)CC(=O)[C@@H]1CCCCCCC(=O)OC,False,False,2.8588219198212954,8.172862769250717,3.4831696760700943,0.17924701186364356,0.8207529881363564,['BR00116991'],['D17'],not_verified_in_tiny_mvp
dinoprostone|CATSPER4|BRD-K26521938-001-07-2,BRD-K26521938-001-07-2,dinoprostone,CATSPER4,CATSPER1|CATSPER2|CATSPER3|CATSPER4|PTGDR|PTGDR2|PTGER1|PTGER2|PTGER3|PTGER4|PTGFR|TBXA2R,CCCCC[C@H](O)\C=C\[C@H]1[C@H](O)CC(=O)[C@@H]1C\C=C/CCCC(O)=O,False,False,2.888084062110286,8.34102954981545,3.4831696760700943,0.1708460021482635,0.8291539978517365,['BR00116991'],['O12'],not_verified_in_tiny_mvp
LGK-974|PORCN|BRD-K16810791-001-01-0,BRD-K16810791-001-01-0,LGK-974,PORCN,PORCN,Cc1cc(ccn1)-c1ncc(CC(=O)Nc2ccc(cn2)-c2cnccn2)cc1C,False,False,2.8996578227412235,8.408015488984372,3.4831696760700943,0.16752323532744284,0.8324767646725572,['BR00116991'],['K07'],not_verified_in_tiny_mvp
PF-06463922|ALK|BRD-A23124853-001-01-4,BRD-A23124853-001-01-4,PF-06463922,ALK,ALK|FES|ROS1,CC1Oc2cc(cnc2N)-c2c(CN(C)C(=O)c3ccc(F)cc13)nn(C)c2C#N,True,True,3.651115252420884,13.330642586460417,3.4831696760700943,-0.04821630640148067,1.0482163064014807,['BR00116991'],['N10'],not_verified_in_tiny_mvp
ceritinib|ALK|BRD-K22149900-001-06-2,BRD-K22149900-001-06-2,ceritinib,ALK,ALK|FLT3|IGF1R|INSR|TSSK1B,CC(C)Oc1cc(C2CCNCC2)c(C)cc1Nc1ncc(Cl)c(Nc2ccccc2S(=O)(=O)C(C)C)n1,True,True,3.7578107582464932,14.121141694793085,3.4831696760700943,-0.07884803432406584,1.0788480343240658,['BR00116991'],['N13'],not_verified_in_tiny_mvp
