drug,disease_indication,nct_id,intervention_name,phase,recruitment_status,study_type,target_mechanism_relationship,comparator_relationship,retrieval_timestamp,source,trial_exists,trial_progressed_to_phase,trial_completed,trial_outcome_known,approval_exists,retrieval_status
desonide,Atopic Dermatitis,NCT01779258,"glycerol, paraffin (liquid and white soft); Atopiclair®; Locatop@",PHASE3,COMPLETED,INTERVENTIONAL,not inferred from trial record,trial_exists_for_candidate_or_related_drug,2026-08-13T15:18:34Z,https://clinicaltrials.gov/api/v2/studies?query.intr=desonide&pageSize=10&format=json,True,True,True,not_checked,not_checked,ok
desonide,Atopic Dermatitis Eczema,NCT03386032,0.05% Desonide,PHASE3,COMPLETED,INTERVENTIONAL,not inferred from trial record,trial_exists_for_candidate_or_related_drug,2026-08-13T15:18:34Z,https://clinicaltrials.gov/api/v2/studies?query.intr=desonide&pageSize=10&format=json,True,True,True,not_checked,not_checked,ok
desonide,Healthy,NCT03437005,Desonide 0.05%,PHASE1,RECRUITING,INTERVENTIONAL,not inferred from trial record,trial_exists_for_candidate_or_related_drug,2026-08-13T15:18:34Z,https://clinicaltrials.gov/api/v2/studies?query.intr=desonide&pageSize=10&format=json,True,True,False,not_checked,not_checked,ok
desonide,"Dermatitis, Atopic; Eczema",NCT02286700,Desonide Cream,PHASE3,UNKNOWN,INTERVENTIONAL,not inferred from trial record,trial_exists_for_candidate_or_related_drug,2026-08-13T15:18:34Z,https://clinicaltrials.gov/api/v2/studies?query.intr=desonide&pageSize=10&format=json,True,True,False,not_checked,not_checked,ok
desonide,Psoriasis,NCT02624544,desonide,PHASE4,WITHDRAWN,INTERVENTIONAL,not inferred from trial record,trial_exists_for_candidate_or_related_drug,2026-08-13T15:18:34Z,https://clinicaltrials.gov/api/v2/studies?query.intr=desonide&pageSize=10&format=json,True,True,False,not_checked,not_checked,ok
desonide,Vasoconstriction,NCT03758365,Desonide 0.05% Cream,PHASE1,COMPLETED,INTERVENTIONAL,not inferred from trial record,trial_exists_for_candidate_or_related_drug,2026-08-13T15:18:34Z,https://clinicaltrials.gov/api/v2/studies?query.intr=desonide&pageSize=10&format=json,True,True,True,not_checked,not_checked,ok
desonide,Atopic Dermatitis,NCT01467362,desonide 0.1% cream,PHASE3,COMPLETED,INTERVENTIONAL,not inferred from trial record,trial_exists_for_candidate_or_related_drug,2026-08-13T15:18:34Z,https://clinicaltrials.gov/api/v2/studies?query.intr=desonide&pageSize=10&format=json,True,True,True,not_checked,not_checked,ok
desonide,"Dermatitis, Atopic; Eczema",NCT02732314,0.05% Desonide Cream,PHASE4,COMPLETED,INTERVENTIONAL,not inferred from trial record,trial_exists_for_candidate_or_related_drug,2026-08-13T15:18:34Z,https://clinicaltrials.gov/api/v2/studies?query.intr=desonide&pageSize=10&format=json,True,True,True,not_checked,not_checked,ok
desonide,Atopic Dermatitis,NCT00690833,topical desonide hydrogel 0.05%,PHASE4,COMPLETED,INTERVENTIONAL,not inferred from trial record,trial_exists_for_candidate_or_related_drug,2026-08-13T15:18:34Z,https://clinicaltrials.gov/api/v2/studies?query.intr=desonide&pageSize=10&format=json,True,True,True,not_checked,not_checked,ok
desonide,Atopic Dermatitis,NCT07295678,Treatment period with dermocorticoid alone; Treatment period with combination of URGO FilmoCream Eczema and dermocorticoid; Follow-up period after treatment with URGO Filmocream Eczema associated with dermocorticoid,NA,NOT_YET_RECRUITING,INTERVENTIONAL,not inferred from trial record,trial_exists_for_candidate_or_related_drug,2026-08-13T15:18:34Z,https://clinicaltrials.gov/api/v2/studies?query.intr=desonide&pageSize=10&format=json,True,True,False,not_checked,not_checked,ok
hydrocortisone,Cytochrome P450 Oxidoreductase Deficiency; Hypertension; Endothelial Dysfunction; Congenital Adrenal Hyperplasia,NCT06756620,,,COMPLETED,OBSERVATIONAL,not inferred from trial record,trial_exists_for_candidate_or_related_drug,2026-08-13T15:18:35Z,https://clinicaltrials.gov/api/v2/studies?query.intr=hydrocortisone&pageSize=10&format=json,True,False,True,not_checked,not_checked,ok
hydrocortisone,Congenital Adrenal Hyperplasia,NCT04536662,Hydrocortisone,PHASE4,UNKNOWN,INTERVENTIONAL,not inferred from trial record,trial_exists_for_candidate_or_related_drug,2026-08-13T15:18:35Z,https://clinicaltrials.gov/api/v2/studies?query.intr=hydrocortisone&pageSize=10&format=json,True,True,False,not_checked,not_checked,ok
hydrocortisone,Asthma; Corticosteroid,NCT05750797,Oral corticosteroids,,UNKNOWN,OBSERVATIONAL,not inferred from trial record,trial_exists_for_candidate_or_related_drug,2026-08-13T15:18:35Z,https://clinicaltrials.gov/api/v2/studies?query.intr=hydrocortisone&pageSize=10&format=json,True,False,False,not_checked,not_checked,ok
hydrocortisone,Atopic Dermatitis,NCT04615962,Hydrocortisone Acetate 1% Cream,PHASE1,UNKNOWN,INTERVENTIONAL,not inferred from trial record,trial_exists_for_candidate_or_related_drug,2026-08-13T15:18:35Z,https://clinicaltrials.gov/api/v2/studies?query.intr=hydrocortisone&pageSize=10&format=json,True,True,False,not_checked,not_checked,ok
hydrocortisone,Dental Anxiety; Symptomatic Irreversible Pulpitis,NCT07124273,Standardized Mandibular Anesthesia Protocol,NA,COMPLETED,INTERVENTIONAL,not inferred from trial record,trial_exists_for_candidate_or_related_drug,2026-08-13T15:18:35Z,https://clinicaltrials.gov/api/v2/studies?query.intr=hydrocortisone&pageSize=10&format=json,True,True,True,not_checked,not_checked,ok
hydrocortisone,Septic Shock; Shock; Sepsis; Systemic Inflammatory Response Syndrome,NCT06122987,Angiotensin II and hydrocortisone sodium succinate,PHASE4,UNKNOWN,INTERVENTIONAL,not inferred from trial record,trial_exists_for_candidate_or_related_drug,2026-08-13T15:18:35Z,https://clinicaltrials.gov/api/v2/studies?query.intr=hydrocortisone&pageSize=10&format=json,True,True,False,not_checked,not_checked,ok
hydrocortisone,Septic Shock,NCT03821714,Glucocorticoid combination therapy; Glucocorticoid,NA,COMPLETED,INTERVENTIONAL,not inferred from trial record,trial_exists_for_candidate_or_related_drug,2026-08-13T15:18:35Z,https://clinicaltrials.gov/api/v2/studies?query.intr=hydrocortisone&pageSize=10&format=json,True,True,True,not_checked,not_checked,ok
hydrocortisone,"Stress, Psychological",NCT03892538,,,COMPLETED,OBSERVATIONAL,not inferred from trial record,trial_exists_for_candidate_or_related_drug,2026-08-13T15:18:35Z,https://clinicaltrials.gov/api/v2/studies?query.intr=hydrocortisone&pageSize=10&format=json,True,False,True,not_checked,not_checked,ok
hydrocortisone,Psoriasis,NCT01313221,etanercept; Topical agents,PHASE3,COMPLETED,INTERVENTIONAL,not inferred from trial record,trial_exists_for_candidate_or_related_drug,2026-08-13T15:18:35Z,https://clinicaltrials.gov/api/v2/studies?query.intr=hydrocortisone&pageSize=10&format=json,True,True,True,not_checked,not_checked,ok
hydrocortisone,Chronic Kidney Disease; Hemodialysis; Stress,NCT06759376,Vibration massage; Static stretching exercise; Usual Care,NA,COMPLETED,INTERVENTIONAL,not inferred from trial record,trial_exists_for_candidate_or_related_drug,2026-08-13T15:18:35Z,https://clinicaltrials.gov/api/v2/studies?query.intr=hydrocortisone&pageSize=10&format=json,True,True,True,not_checked,not_checked,ok
dexamethasone,Otitis Media; Otorrhea,NCT00956748,Ciprodex; Ciprodex and 2% NAC,PHASE4,WITHDRAWN,INTERVENTIONAL,not inferred from trial record,trial_exists_for_candidate_or_related_drug,2026-08-13T15:18:35Z,https://clinicaltrials.gov/api/v2/studies?query.intr=dexamethasone&pageSize=10&format=json,True,True,False,not_checked,not_checked,ok
dexamethasone,Small Cell Lung Cancer Extensive Stage,NCT07227597,Gocatamig; I-DXd; Atezolizumab,PHASE1; PHASE2,RECRUITING,INTERVENTIONAL,not inferred from trial record,trial_exists_for_candidate_or_related_drug,2026-08-13T15:18:35Z,https://clinicaltrials.gov/api/v2/studies?query.intr=dexamethasone&pageSize=10&format=json,True,True,False,not_checked,not_checked,ok
dexamethasone,T Acute Lymphoblastic Leukemia; T Lymphoblastic Lymphoma,NCT06210750,Dexamethasone,PHASE2,WITHDRAWN,INTERVENTIONAL,not inferred from trial record,trial_exists_for_candidate_or_related_drug,2026-08-13T15:18:35Z,https://clinicaltrials.gov/api/v2/studies?query.intr=dexamethasone&pageSize=10&format=json,True,True,False,not_checked,not_checked,ok
dexamethasone,Post Operative Pain,NCT05105997,Dexamethasone/ Erector Spinae Plane Block,PHASE2,UNKNOWN,INTERVENTIONAL,not inferred from trial record,trial_exists_for_candidate_or_related_drug,2026-08-13T15:18:35Z,https://clinicaltrials.gov/api/v2/studies?query.intr=dexamethasone&pageSize=10&format=json,True,True,False,not_checked,not_checked,ok
dexamethasone,Multiple Myeloma,NCT01038388,Dexamethasone,PHASE1,COMPLETED,INTERVENTIONAL,not inferred from trial record,trial_exists_for_candidate_or_related_drug,2026-08-13T15:18:35Z,https://clinicaltrials.gov/api/v2/studies?query.intr=dexamethasone&pageSize=10&format=json,True,True,True,not_checked,not_checked,ok
dexamethasone,Prevention of Hypersensitivity Reactions to Paclitaxel,NCT01797991,Dexamethasone per os; Matching placebo for dexamethasone IV; Dexamethasone IV; Matching placebo for dexamethasone per os,NA,COMPLETED,INTERVENTIONAL,not inferred from trial record,trial_exists_for_candidate_or_related_drug,2026-08-13T15:18:35Z,https://clinicaltrials.gov/api/v2/studies?query.intr=dexamethasone&pageSize=10&format=json,True,True,True,not_checked,not_checked,ok
dexamethasone,Preterm Birth,NCT01084096,Increasing use of Antenatal Corticosteroids (ACS),NA,COMPLETED,INTERVENTIONAL,not inferred from trial record,trial_exists_for_candidate_or_related_drug,2026-08-13T15:18:35Z,https://clinicaltrials.gov/api/v2/studies?query.intr=dexamethasone&pageSize=10&format=json,True,True,True,not_checked,not_checked,ok
dexamethasone,"Oral Health; Molar, Third",NCT01896427,"21-benzyloxy-9alpha-fluoro-16alpha-methylpregna-1,4-dien-11beta,17alpha-diol-3,20-dione",PHASE4,UNKNOWN,INTERVENTIONAL,not inferred from trial record,trial_exists_for_candidate_or_related_drug,2026-08-13T15:18:35Z,https://clinicaltrials.gov/api/v2/studies?query.intr=dexamethasone&pageSize=10&format=json,True,True,False,not_checked,not_checked,ok
dexamethasone,Neurocysticercosis,NCT00290823,Dexamethasone,PHASE3,COMPLETED,INTERVENTIONAL,not inferred from trial record,trial_exists_for_candidate_or_related_drug,2026-08-13T15:18:35Z,https://clinicaltrials.gov/api/v2/studies?query.intr=dexamethasone&pageSize=10&format=json,True,True,True,not_checked,not_checked,ok
dexamethasone,Pharmacological Action,NCT05553496,Dexamethasone,PHASE2; PHASE3,UNKNOWN,INTERVENTIONAL,not inferred from trial record,trial_exists_for_candidate_or_related_drug,2026-08-13T15:18:35Z,https://clinicaltrials.gov/api/v2/studies?query.intr=dexamethasone&pageSize=10&format=json,True,True,False,not_checked,not_checked,ok
budesonide,Asthma,NCT00554970,Budesonide inhalation suspension 0.25mg; Budesonide inhalation suspension 0.5mg,PHASE2,COMPLETED,INTERVENTIONAL,not inferred from trial record,trial_exists_for_candidate_or_related_drug,2026-08-13T15:18:36Z,https://clinicaltrials.gov/api/v2/studies?query.intr=budesonide&pageSize=10&format=json,True,True,True,not_checked,not_checked,ok
budesonide,Asthma Chronic; Asthma in Children,NCT03879590,Budesonide,PHASE3,UNKNOWN,INTERVENTIONAL,not inferred from trial record,trial_exists_for_candidate_or_related_drug,2026-08-13T15:18:36Z,https://clinicaltrials.gov/api/v2/studies?query.intr=budesonide&pageSize=10&format=json,True,True,False,not_checked,not_checked,ok
budesonide,"Pulmonary Disease, Chronic Obstructive",NCT01253473,Budesonide; budesonide/formoterol,PHASE4,COMPLETED,INTERVENTIONAL,not inferred from trial record,trial_exists_for_candidate_or_related_drug,2026-08-13T15:18:36Z,https://clinicaltrials.gov/api/v2/studies?query.intr=budesonide&pageSize=10&format=json,True,True,True,not_checked,not_checked,ok
budesonide,Asthma,NCT01978678,Pulmicort,,COMPLETED,OBSERVATIONAL,not inferred from trial record,trial_exists_for_candidate_or_related_drug,2026-08-13T15:18:36Z,https://clinicaltrials.gov/api/v2/studies?query.intr=budesonide&pageSize=10&format=json,True,False,True,not_checked,not_checked,ok
budesonide,Eustachian Tube Dysfunction,NCT07193485,Buteyko breathing; usual care,NA,RECRUITING,INTERVENTIONAL,not inferred from trial record,trial_exists_for_candidate_or_related_drug,2026-08-13T15:18:36Z,https://clinicaltrials.gov/api/v2/studies?query.intr=budesonide&pageSize=10&format=json,True,True,False,not_checked,not_checked,ok
budesonide,Asthma; Pediatric ALL,NCT03369847,"budesonide, beclomethasone",PHASE4,COMPLETED,INTERVENTIONAL,not inferred from trial record,trial_exists_for_candidate_or_related_drug,2026-08-13T15:18:36Z,https://clinicaltrials.gov/api/v2/studies?query.intr=budesonide&pageSize=10&format=json,True,True,True,not_checked,not_checked,ok
budesonide,COPD Bronchitis; Pollution Related Respiratory Disorder,NCT06571942,Budesonide / Formoterol / Glycopyrronyum 160/4.8/7.2 mcg,PHASE4,RECRUITING,INTERVENTIONAL,not inferred from trial record,trial_exists_for_candidate_or_related_drug,2026-08-13T15:18:36Z,https://clinicaltrials.gov/api/v2/studies?query.intr=budesonide&pageSize=10&format=json,True,True,False,not_checked,not_checked,ok
budesonide,"Asthma; Bronchial Diseases; Respiratory Tract Infections; Lung Diseases, Obstructive; Lung Diseases; Respiratory Hypersensitivity; Immune System Diseases",NCT06272370,Asthma Symptom Monitoring online tools; Inhaled Steroids; Azithromycin Pill,PHASE4,COMPLETED,INTERVENTIONAL,not inferred from trial record,trial_exists_for_candidate_or_related_drug,2026-08-13T15:18:36Z,https://clinicaltrials.gov/api/v2/studies?query.intr=budesonide&pageSize=10&format=json,True,True,True,not_checked,not_checked,ok
budesonide,"Asthma in Children; Nonadherence, Medication",NCT05689983,Symptom-driven budesonide/formoterol combination,PHASE1; PHASE2,ACTIVE_NOT_RECRUITING,INTERVENTIONAL,not inferred from trial record,trial_exists_for_candidate_or_related_drug,2026-08-13T15:18:36Z,https://clinicaltrials.gov/api/v2/studies?query.intr=budesonide&pageSize=10&format=json,True,True,False,not_checked,not_checked,ok
budesonide,Asthma,NCT02062463,Budesonide and formoterol fumarate dehydrate (BF) SPIROMAX; SYMBICORT TURBOHALER budesonide and formoterol fumarate,PHASE3,COMPLETED,INTERVENTIONAL,not inferred from trial record,trial_exists_for_candidate_or_related_drug,2026-08-13T15:18:36Z,https://clinicaltrials.gov/api/v2/studies?query.intr=budesonide&pageSize=10&format=json,True,True,True,not_checked,not_checked,ok
prednisone,Pemphigus,NCT02613910,Prednisone/Prednisolone,PHASE3,TERMINATED,INTERVENTIONAL,not inferred from trial record,trial_exists_for_candidate_or_related_drug,2026-08-13T15:18:36Z,https://clinicaltrials.gov/api/v2/studies?query.intr=prednisone&pageSize=10&format=json,True,True,False,not_checked,not_checked,ok
prednisone,"Rejection; Transplant, Kidney; Rejection; Transplant, Pancreas",NCT06474273,Prednisone,PHASE3,RECRUITING,INTERVENTIONAL,not inferred from trial record,trial_exists_for_candidate_or_related_drug,2026-08-13T15:18:36Z,https://clinicaltrials.gov/api/v2/studies?query.intr=prednisone&pageSize=10&format=json,True,True,False,not_checked,not_checked,ok
prednisone,Congenital Adrenal Hyperplasia,NCT04536662,Prednisone,PHASE4,UNKNOWN,INTERVENTIONAL,not inferred from trial record,trial_exists_for_candidate_or_related_drug,2026-08-13T15:18:36Z,https://clinicaltrials.gov/api/v2/studies?query.intr=prednisone&pageSize=10&format=json,True,True,False,not_checked,not_checked,ok
prednisone,CD20-positive B-cell Non-Hodgkin Lymphoma,NCT01569750,"Part 1, Cohort 1; Part 1, Cohort 2; Part 1, Cohort 3",PHASE1,COMPLETED,INTERVENTIONAL,not inferred from trial record,trial_exists_for_candidate_or_related_drug,2026-08-13T15:18:36Z,https://clinicaltrials.gov/api/v2/studies?query.intr=prednisone&pageSize=10&format=json,True,True,True,not_checked,not_checked,ok
prednisone,Thrombocytopenia; Hepatitis B; Cirrhosis,NCT01987791,,,UNKNOWN,OBSERVATIONAL,not inferred from trial record,trial_exists_for_candidate_or_related_drug,2026-08-13T15:18:36Z,https://clinicaltrials.gov/api/v2/studies?query.intr=prednisone&pageSize=10&format=json,True,False,False,not_checked,not_checked,ok
prednisone,T-cell Lymphoma,NCT05075460,"Tucidinostat, Azacitidine combined with CHOP",PHASE3,UNKNOWN,INTERVENTIONAL,not inferred from trial record,trial_exists_for_candidate_or_related_drug,2026-08-13T15:18:36Z,https://clinicaltrials.gov/api/v2/studies?query.intr=prednisone&pageSize=10&format=json,True,True,False,not_checked,not_checked,ok
prednisone,Diffuse Large B-Cell Lymphoma,NCT04361279,SIBP-02; Rituximab,PHASE3,COMPLETED,INTERVENTIONAL,not inferred from trial record,trial_exists_for_candidate_or_related_drug,2026-08-13T15:18:36Z,https://clinicaltrials.gov/api/v2/studies?query.intr=prednisone&pageSize=10&format=json,True,True,True,not_checked,not_checked,ok
prednisone,Childhood Acute Lymphoblastic Leukemia,NCT01953770,PEG-L-asparaginase ind; PEG-L-asparaginase cons; E.coli L-asparaginase,NA,UNKNOWN,INTERVENTIONAL,not inferred from trial record,trial_exists_for_candidate_or_related_drug,2026-08-13T15:18:36Z,https://clinicaltrials.gov/api/v2/studies?query.intr=prednisone&pageSize=10&format=json,True,True,False,not_checked,not_checked,ok
prednisone,Proteinuria; Focal Segmental Glomerulosclerosis,NCT00801463,tripterygium wilfordii (TW),NA,COMPLETED,INTERVENTIONAL,not inferred from trial record,trial_exists_for_candidate_or_related_drug,2026-08-13T15:18:36Z,https://clinicaltrials.gov/api/v2/studies?query.intr=prednisone&pageSize=10&format=json,True,True,True,not_checked,not_checked,ok
prednisone,Lymphoma,NCT00726700,prednisone,PHASE2,COMPLETED,INTERVENTIONAL,not inferred from trial record,trial_exists_for_candidate_or_related_drug,2026-08-13T15:18:36Z,https://clinicaltrials.gov/api/v2/studies?query.intr=prednisone&pageSize=10&format=json,True,True,True,not_checked,not_checked,ok
