Candidate,Phenotype opposition,Reference-state result,Structural similarity,Target similarity,Mechanism similarity,Related-drug clinical progress,Known relationship benchmark,Provenance completeness,Claim ceiling
desonide|PLA2G1B|BRD-K21528677-001-04-4,0.5004939964057833,closer_to_reference_than_perturbation,not_computed:not_computed,metadata_present:NR3C1|PLA2G1B,bounded_local_map:hydrocortisone; bounded_local_map:dexamethasone; bounded_local_map:budesonide; bounded_local_map:prednisone,"trial records: 50; phases: NA, PHASE1, PHASE1; PHASE2, PHASE2; statuses: ACTIVE_NOT_RECRUITING, COMPLETED, NOT_YET_RECRUITING, RECRUITING",not_known_pair,complete_for_cached_morphology_partial_for_external_evidence,REPURPOSING_HYPOTHESIS
leflunomide|PTK2B|BRD-K78692225-001-24-5,0.4912703124073587,closer_to_reference_than_perturbation,not_computed:not_computed,metadata_present:AHR|DHODH|PTK2B,bounded_local_map:teriflunomide; bounded_local_map:methotrexate; bounded_local_map:azathioprine,no_public_trial_records_found_or_query_unavailable,not_known_pair,complete_for_cached_morphology_partial_for_external_evidence,REPURPOSING_HYPOTHESIS
SirReal-2|SIRT2|BRD-K16472653-001-01-6,0.4867424170670386,closer_to_reference_than_perturbation,not_computed:not_computed,metadata_present:SIRT2,bounded_local_map:sirtinol; bounded_local_map:nicotinamide,no_public_trial_records_found_or_query_unavailable,not_known_pair,complete_for_cached_morphology_partial_for_external_evidence,REPURPOSING_HYPOTHESIS
baclofen|KCTD16|BRD-K01826724-003-07-9,0.4336554015681054,closer_to_reference_than_perturbation,not_available,not_available,not_available,no_public_trial_records_found_or_query_unavailable,not_known_pair,complete_for_cached_morphology_partial_for_external_evidence,REPURPOSING_HYPOTHESIS
edoxaban|F10|BRD-K29322660-001-01-9,0.4274296796887141,closer_to_reference_than_perturbation,not_available,not_available,not_available,no_public_trial_records_found_or_query_unavailable,not_known_pair,complete_for_cached_morphology_partial_for_external_evidence,REPURPOSING_HYPOTHESIS
sorbinil|AKR1B1|BRD-A89164055-001-03-3,0.4208161708649144,closer_to_reference_than_perturbation,not_available,not_available,not_available,no_public_trial_records_found_or_query_unavailable,not_known_pair,complete_for_cached_morphology_partial_for_external_evidence,REPURPOSING_HYPOTHESIS
olanzapine|CHRM2|BRD-K18895904-001-16-1,0.418154905276533,closer_to_reference_than_perturbation,not_available,not_available,not_available,no_public_trial_records_found_or_query_unavailable,not_known_pair,complete_for_cached_morphology_partial_for_external_evidence,REPURPOSING_HYPOTHESIS
TUG-891|FFAR4|BRD-K24282351-001-01-4,0.4101215657442221,closer_to_reference_than_perturbation,not_available,not_available,not_available,no_public_trial_records_found_or_query_unavailable,not_known_pair,complete_for_cached_morphology_partial_for_external_evidence,REPURPOSING_HYPOTHESIS
azathioprine|PPAT|BRD-K32821942-001-22-1,0.3995836730568254,closer_to_reference_than_perturbation,not_available,not_available,not_available,no_public_trial_records_found_or_query_unavailable,not_known_pair,complete_for_cached_morphology_partial_for_external_evidence,REPURPOSING_HYPOTHESIS
ilomastat|MMP2|BRD-K51662849-001-05-4,0.3859673467629329,closer_to_reference_than_perturbation,not_available,not_available,not_available,no_public_trial_records_found_or_query_unavailable,not_known_pair,complete_for_cached_morphology_partial_for_external_evidence,REPURPOSING_HYPOTHESIS
