orf_plate,gene,decision,distance2,distance,threshold2,feature_count,usable_feature_count,control_rows,candidate_count,top_candidate,top_candidate_target,top_restoration_score,top_distance,top_target_match,top_target_list_match,best_target_rank,best_target_restoration_score,best_target_distance,has_target_candidate,positive_target_score,positive_top_score,shift_margin
BR00117006,COMT,TRANSITION,37.10773532415706,6.091611882265404,21.275494504478107,96,96,124,260,desonide|PLA2G1B|BRD-K21528677-001-04-4,PLA2G1B,0.5004939964057833,3.0427967067579362,False,False,28,0.33515105008039026,4.050001763242636,True,True,True,15.832240819678955
BR00117006,ALDH2,TRANSITION,23.898979721560245,4.888658274164829,21.275494504478107,96,96,124,260,desonide|PLA2G1B|BRD-K21528677-001-04-4,PLA2G1B,0.37758040425168793,3.0427967067579362,False,False,11,0.23339771427183065,3.747656607119452,True,True,True,2.6234852170821377
BR00118050,ITGB2,TRANSITION,23.556544882772346,4.853508512691859,20.340209737698444,96,96,124,260,ANR-94|ADORA2A|BRD-K31170746-001-01-6,ADORA2A,0.3413319924495448,3.196850781684579,False,False,27,0.20771679844980828,3.845353263187408,True,True,True,3.216335145073902
BR00117006,GJB4,TRANSITION,27.374826082655286,5.232095763903341,21.275494504478107,96,96,124,260,desonide|PLA2G1B|BRD-K21528677-001-04-4,PLA2G1B,0.4184363505442963,3.0427967067579362,False,False,47,0.1990640111993408,4.1905737941624635,True,True,True,6.099331578177178
BR00118050,CCR1,TRANSITION,25.912347603745392,5.090417232776248,20.340209737698444,96,96,124,260,ANR-94|ADORA2A|BRD-K31170746-001-01-6,ADORA2A,0.371986492364511,3.196850781684579,False,False,50,0.19869268485945923,4.078988565741877,True,True,True,5.572137866046948
BR00118050,ADA,TRANSITION,39.00110555472053,6.245086512989274,20.340209737698444,96,96,124,260,ANR-94|ADORA2A|BRD-K31170746-001-01-6,ADORA2A,0.4881014418239241,3.196850781684579,False,False,184,0.1208702590621803,5.490241288299411,True,True,True,18.660895817022087
BR00117006,AKR1C1,TRANSITION,37.126229454616386,6.09312969290958,21.275494504478107,96,96,124,260,desonide|PLA2G1B|BRD-K21528677-001-04-4,PLA2G1B,0.5006184243381095,3.0427967067579362,False,False,182,0.00818014955887747,6.043286980740934,True,True,True,15.850734950138278
BR00117006,BTK,TRANSITION,28.324849334375376,5.32210948162243,21.275494504478107,96,96,124,260,desonide|PLA2G1B|BRD-K21528677-001-04-4,PLA2G1B,0.4282724327140718,3.0427967067579362,False,False,211,-0.3214151019544558,7.032715843272201,True,False,True,7.049354829897268
BR00118039,ATM,TRANSITION,108.29899166386998,10.406680146130656,21.371183642407196,96,96,124,260,geldanamycin|HSP90AB1|BRD-K43570081-001-02-4,HSP90AB1,0.1886147601639494,8.4438266662661,False,False,202,-0.5697881808932987,16.33628349573442,True,False,True,86.9278080214628
BR00118049,BAX,CONTINUOUS,34.253537106469125,5.852652142957851,36.44277543917322,96,96,124,260,desonide|PLA2G1B|BRD-K21528677-001-04-4,PLA2G1B,0.7215983214714023,1.6293881804437385,False,False,19,0.6697088415130701,1.9330792565188917,True,True,True,-2.189238332704093
BR00118049,GLRA3,CONTINUOUS,29.401399037296468,5.422305693825872,36.44277543917322,96,96,124,260,desonide|PLA2G1B|BRD-K21528677-001-04-4,PLA2G1B,0.6995027074370324,1.6293881804437385,False,False,105,0.5677797935101124,2.343630086637144,True,True,True,-7.04137640187675
BR00118049,AVPR1A,CONTINUOUS,11.569761055660488,3.4014351464728074,36.44277543917322,96,96,124,260,desonide|PLA2G1B|BRD-K21528677-001-04-4,PLA2G1B,0.520970381536485,1.6293881804437385,False,False,11,0.4568506422525772,1.8474873152267595,True,True,True,-24.873014383512732
BR00118049,GHSR,CONTINUOUS,12.054549482952911,3.471966227219515,36.44277543917322,96,96,124,260,desonide|PLA2G1B|BRD-K21528677-001-04-4,PLA2G1B,0.5307016042756423,1.6293881804437385,False,False,27,0.42344331707439475,2.0017853311959883,True,True,True,-24.388225956220307
BR00118049,CACNG1,CONTINUOUS,11.522417973918008,3.3944687322050866,36.44277543917322,96,96,124,260,desonide|PLA2G1B|BRD-K21528677-001-04-4,PLA2G1B,0.5199872766585218,1.6293881804437385,False,False,23,0.41963302298952687,1.9700375566670196,True,True,True,-24.920357465255208
BR00118049,GRIN2A,CONTINUOUS,13.425335670065909,3.664059998153129,36.44277543917322,96,96,124,260,desonide|PLA2G1B|BRD-K21528677-001-04-4,PLA2G1B,0.5553052675817024,1.6293881804437385,False,False,69,0.3990131745812924,2.2020517864343256,True,True,True,-23.01743976910731
BR00118049,ALK,CONTINUOUS,15.577771234806837,3.9468685352829826,36.44277543917322,96,96,124,260,desonide|PLA2G1B|BRD-K21528677-001-04-4,PLA2G1B,0.587169381022593,1.6293881804437385,False,False,120,0.3975440400062431,2.377814472393665,True,True,True,-20.86500420436638
BR00118049,BTK,CONTINUOUS,30.47324982436897,5.520258130229869,36.44277543917322,96,96,124,260,desonide|PLA2G1B|BRD-K21528677-001-04-4,PLA2G1B,0.7048347845328758,1.6293881804437385,False,False,219,0.39408374053388895,3.344814157556876,True,True,True,-5.9695256148042475
BR00118049,DHH,CONTINUOUS,13.739901733829509,3.706737343517815,36.44277543917322,96,96,124,260,desonide|PLA2G1B|BRD-K21528677-001-04-4,PLA2G1B,0.5604252393839817,1.6293881804437385,False,False,91,0.3803410366171358,2.2969130198174206,True,True,True,-22.70287370534371
BR00118049,FFAR4,CONTINUOUS,8.07446647173885,2.8415605697818322,36.44277543917322,96,96,124,260,desonide|PLA2G1B|BRD-K21528677-001-04-4,PLA2G1B,0.4265868559091579,1.6293881804437385,False,False,14,0.3378471333365485,1.881547477079533,True,True,True,-28.368308967434366
BR00118049,ADORA2A,CONTINUOUS,9.897211722542945,3.1459834269339284,36.44277543917322,96,96,124,260,desonide|PLA2G1B|BRD-K21528677-001-04-4,PLA2G1B,0.4820735015660206,1.6293881804437385,False,False,60,0.3218291530844808,2.1335142450266478,True,True,True,-26.545563716630273
BR00118049,KCNN4,CONTINUOUS,10.003616767019142,3.162849469547854,36.44277543917322,96,96,124,260,desonide|PLA2G1B|BRD-K21528677-001-04-4,PLA2G1B,0.4848353688245072,1.6293881804437385,False,False,83,0.28901682441278076,2.248732759764196,True,True,True,-26.439158672154075
BR00118049,GPR119,CONTINUOUS,13.011739023790296,3.607178817828456,36.44277543917322,96,96,124,260,desonide|PLA2G1B|BRD-K21528677-001-04-4,PLA2G1B,0.5482929284264902,1.6293881804437385,False,False,170,0.25660669711661965,2.6815525754772067,True,True,True,-23.43103641538292
BR00118049,FFAR2,CONTINUOUS,10.698407371446473,3.2708419973221687,36.44277543917322,96,96,124,260,desonide|PLA2G1B|BRD-K21528677-001-04-4,PLA2G1B,0.5018444236140979,1.6293881804437385,False,False,136,0.2453547492632575,2.4683253791902104,True,True,True,-25.744368067726747
BR00118049,CYP2A6,CONTINUOUS,6.198069761352997,2.4895922881775236,36.44277543917322,96,96,124,260,desonide|PLA2G1B|BRD-K21528677-001-04-4,PLA2G1B,0.34552007243087257,1.6293881804437385,False,False,16,0.24286439505120705,1.8849589631858963,True,True,True,-30.24470567782022
BR00118050,ALDH2,CONTINUOUS,20.07755706446932,4.480798708318565,20.340209737698444,96,96,124,260,ANR-94|ADORA2A|BRD-K31170746-001-01-6,ADORA2A,0.28654443330629,3.196850781684579,False,False,6,0.241508205053928,3.3986490550653476,True,True,True,-0.2626526732291232
BR00118049,CATSPER4,CONTINUOUS,8.565197408076145,2.9266358516351407,36.44277543917322,96,96,124,260,desonide|PLA2G1B|BRD-K21528677-001-04-4,PLA2G1B,0.44325557976991703,1.6293881804437385,False,False,93,0.2134347744356605,2.301989988786864,True,True,True,-27.877578031097073
BR00118049,ALDH2,CONTINUOUS,6.380861038392201,2.526036626494596,36.44277543917322,96,96,124,260,desonide|PLA2G1B|BRD-K21528677-001-04-4,PLA2G1B,0.3549625673067892,1.6293881804437385,False,False,39,0.1866425987809901,2.054570585910493,True,True,True,-30.061914400781017
BR00118049,AKR1B1,CONTINUOUS,5.246865839777742,2.2906038155424744,36.44277543917322,96,96,124,260,desonide|PLA2G1B|BRD-K21528677-001-04-4,PLA2G1B,0.288664338465207,1.6293881804437385,False,False,17,0.17333179090521056,1.8935693539410154,True,True,True,-31.195909599395478
BR00118049,CYP1A2,CONTINUOUS,4.625337858083389,2.1506598657350233,36.44277543917322,96,96,124,260,desonide|PLA2G1B|BRD-K21528677-001-04-4,PLA2G1B,0.2423775575101874,1.6293881804437385,False,False,16,0.12354389775121222,1.8849589631858963,True,True,True,-31.817437581089827
BR00118049,HTR3A,CONTINUOUS,5.45206553867096,2.3349658538554605,36.44277543917322,96,96,124,260,desonide|PLA2G1B|BRD-K21528677-001-04-4,PLA2G1B,0.30217901141782466,1.6293881804437385,False,False,66,0.06667654327329597,2.179278402060132,True,True,True,-30.990709900502257
BR00118049,ADRA2B,CONTINUOUS,3.7435236576203015,1.9348187660916207,36.44277543917322,96,96,124,260,desonide|PLA2G1B|BRD-K21528677-001-04-4,PLA2G1B,0.1578600492208898,1.6293881804437385,False,False,7,0.06115913753868185,1.8164869190647395,True,True,True,-32.69925178155292
BR00118049,CASP3,CONTINUOUS,3.622557433995485,1.9033017191174617,36.44277543917322,96,96,124,260,desonide|PLA2G1B|BRD-K21528677-001-04-4,PLA2G1B,0.14391493262644128,1.6293881804437385,False,False,10,0.03361768351137173,1.8393171242984876,True,True,True,-32.820218005177736
BR00117006,KCNH7,CONTINUOUS,17.61190678295906,4.196654236765171,21.275494504478107,96,96,124,260,desonide|PLA2G1B|BRD-K21528677-001-04-4,PLA2G1B,0.2749470089528667,3.0427967067579362,False,False,32,0.031833816468417986,4.063058716011548,True,True,True,-3.663587721519047
BR00117006,ITGB2,CONTINUOUS,17.870251782513442,4.227322058054418,21.275494504478107,96,96,124,260,desonide|PLA2G1B|BRD-K21528677-001-04-4,PLA2G1B,0.2802070282391419,3.0427967067579362,False,False,49,0.002582460411422516,4.216405166194157,True,True,True,-3.4052427219646653
BR00117006,CYP2A6,CONTINUOUS,16.34985739710555,4.043495690254356,21.275494504478107,96,96,124,260,desonide|PLA2G1B|BRD-K21528677-001-04-4,PLA2G1B,0.24748362806693713,3.0427967067579362,False,False,26,-0.0003142092049464029,4.0447661938213955,True,False,True,-4.925637107372559
BR00118049,ASIC1,CONTINUOUS,4.310252219973937,2.0761146933572667,36.44277543917322,96,96,124,260,desonide|PLA2G1B|BRD-K21528677-001-04-4,PLA2G1B,0.21517429376308472,1.6293881804437385,False,False,57,-0.02415014020434758,2.126253154283175,True,False,True,-32.13252321919928
BR00118050,KDR,CONTINUOUS,18.385294873062325,4.28780770010297,20.340209737698444,96,96,124,260,ANR-94|ADORA2A|BRD-K31170746-001-01-6,ADORA2A,0.2544323334259925,3.196850781684579,False,False,77,-0.03734514631959107,4.4479365060546225,True,False,True,-1.9549148646361196
BR00118050,CHRM3,CONTINUOUS,12.52153467700643,3.5385780586284135,20.340209737698444,96,96,124,260,ANR-94|ADORA2A|BRD-K31170746-001-01-6,ADORA2A,0.09657191993023173,3.196850781684579,False,False,16,-0.04175214204881805,3.6863212723841396,True,False,True,-7.818675060692014
BR00118049,CHRM3,CONTINUOUS,4.362129423628599,2.088571144018944,36.44277543917322,96,96,124,260,desonide|PLA2G1B|BRD-K21528677-001-04-4,PLA2G1B,0.2198550740734646,1.6293881804437385,False,False,66,-0.043430293624377336,2.179278402060132,True,False,True,-32.080646015544616
BR00118049,ATM,CONTINUOUS,5.15283129167702,2.269984865957705,36.44277543917322,96,96,124,260,desonide|PLA2G1B|BRD-K21528677-001-04-4,PLA2G1B,0.2822030644880168,1.6293881804437385,False,False,129,-0.0708514878329971,2.430816671070266,True,False,True,-31.289944147496197
BR00118049,CA14,CONTINUOUS,3.3094385623036464,1.819186236289085,36.44277543917322,96,96,124,260,desonide|PLA2G1B|BRD-K21528677-001-04-4,PLA2G1B,0.104331294982424,1.6293881804437385,False,False,21,-0.07504112205002067,1.955700012679247,True,False,True,-33.13333687686957
BR00118049,KCNJ1,CONTINUOUS,3.0064460715985706,1.7339106296457643,36.44277543917322,96,96,124,260,desonide|PLA2G1B|BRD-K21528677-001-04-4,PLA2G1B,0.06028133596730956,1.6293881804437385,False,False,12,-0.07602554942493378,1.8657321379193925,True,False,True,-33.43632936757465
BR00118049,AGER,CONTINUOUS,2.4443432679644816,1.5634395632593163,36.44277543917322,96,96,124,260,desonide|PLA2G1B|BRD-K21528677-001-04-4,PLA2G1B,-0.04218175024680604,1.6293881804437385,False,False,3,-0.08753464326668126,1.7002946876993241,True,False,False,-33.998432171208734
BR00118050,HPGDS,CONTINUOUS,9.196682917476977,3.032603323462694,20.340209737698444,96,96,124,260,ANR-94|ADORA2A|BRD-K31170746-001-01-6,ADORA2A,-0.054160548117216045,3.196850781684579,False,False,4,-0.09145491529009431,3.3099498035195243,True,False,False,-11.143526820221467
BR00118050,CHRM2,CONTINUOUS,11.103153932654477,3.3321395427944607,20.340209737698444,96,96,124,260,ANR-94|ADORA2A|BRD-K31170746-001-01-6,ADORA2A,0.040601169120721425,3.196850781684579,False,False,16,-0.10629258620169968,3.6863212723841396,True,False,True,-9.237055805043967
BR00117006,GHSR,CONTINUOUS,13.50736017507228,3.6752360706589013,21.275494504478107,96,96,124,260,desonide|PLA2G1B|BRD-K21528677-001-04-4,PLA2G1B,0.17208128994783412,3.0427967067579362,False,False,38,-0.12396809802545228,4.130848096134146,True,False,True,-7.768134329405827
BR00117006,CHRM2,CONTINUOUS,9.890744597150183,3.144955420534635,21.275494504478107,96,96,124,260,desonide|PLA2G1B|BRD-K21528677-001-04-4,PLA2G1B,0.032483358304741805,3.0427967067579362,False,False,7,-0.12700309502391316,3.544374492655893,True,False,True,-11.384749907327924
BR00118049,GJB4,CONTINUOUS,3.8901825603424953,1.972354572672595,36.44277543917322,96,96,124,260,desonide|PLA2G1B|BRD-K21528677-001-04-4,PLA2G1B,0.17388678333072427,1.6293881804437385,False,False,81,-0.13688610091780418,2.2423424997542853,True,False,True,-32.55259287883072
BR00118050,CYP2A6,CONTINUOUS,10.618737677835473,3.2586404646471006,20.340209737698444,96,96,124,260,ANR-94|ADORA2A|BRD-K31170746-001-01-6,ADORA2A,0.018961798220410442,3.196850781684579,False,False,20,-0.14996075979833057,3.7473086646363147,True,False,True,-9.721472059862972
BR00118050,KCNN1,CONTINUOUS,11.656254901351096,3.414125788741694,20.340209737698444,96,96,124,260,ANR-94|ADORA2A|BRD-K31170746-001-01-6,ADORA2A,0.06364001226156646,3.196850781684579,False,False,35,-0.1520796051287603,3.9333446905546,True,False,True,-8.683954836347349
BR00118050,CATSPER4,CONTINUOUS,8.138848767722415,2.852866763051232,20.340209737698444,96,96,124,260,ANR-94|ADORA2A|BRD-K31170746-001-01-6,ADORA2A,-0.12057486283177288,3.196850781684579,False,False,5,-0.16798665050436967,3.33211029491262,True,False,False,-12.20136096997603
BR00118050,GHSR,CONTINUOUS,12.863083915976594,3.5865141733968646,20.340209737698444,96,96,124,260,ANR-94|ADORA2A|BRD-K31170746-001-01-6,ADORA2A,0.10864682889127375,3.196850781684579,False,False,59,-0.17003672225277233,4.1963532877555485,True,False,True,-7.477125821721851
BR00118050,HSD11B1,CONTINUOUS,9.33943910293762,3.05604959104685,20.340209737698444,96,96,124,260,ANR-94|ADORA2A|BRD-K31170746-001-01-6,ADORA2A,-0.04607294038983545,3.196850781684579,False,False,12,-0.17670611107302858,3.596072229528235,True,False,False,-11.000770634760825
BR00117006,CATSPER4,CONTINUOUS,10.13370512201734,3.1833480994100127,21.275494504478107,96,96,124,260,desonide|PLA2G1B|BRD-K21528677-001-04-4,PLA2G1B,0.044152065141440766,3.0427967067579362,False,False,12,-0.18209801618929622,3.7630294731537246,True,False,True,-11.141789382460768
BR00118049,GPR55,CONTINUOUS,3.726526936331614,1.9304214400828679,36.44277543917322,96,96,124,260,desonide|PLA2G1B|BRD-K21528677-001-04-4,PLA2G1B,0.15594173033379233,1.6293881804437385,False,False,101,-0.2057587891331274,2.327622618112153,True,False,True,-32.7162485028416
BR00118049,GAA,CONTINUOUS,3.0040443446062994,1.7332179160758463,36.44277543917322,96,96,124,260,desonide|PLA2G1B|BRD-K21528677-001-04-4,PLA2G1B,0.05990575949510579,1.6293881804437385,False,False,52,-0.21095668359516173,2.098851819600135,True,False,True,-33.43873109456692
BR00118049,ADA,CONTINUOUS,2.666640448657109,1.6329851342425346,36.44277543917322,96,96,124,260,desonide|PLA2G1B|BRD-K21528677-001-04-4,PLA2G1B,0.0022026861876256465,1.6293881804437385,False,False,26,-0.21360149243091597,1.9817931960354533,True,False,True,-33.77613499051611
BR00117006,CCR1,CONTINUOUS,16.377127944713994,4.0468664352451755,21.275494504478107,96,96,124,260,desonide|PLA2G1B|BRD-K21528677-001-04-4,PLA2G1B,0.2481104193959296,3.0427967067579362,False,False,130,-0.2216995673368225,4.944054973010162,True,False,True,-4.8983665597641135
BR00118050,GRIN2A,CONTINUOUS,10.562070142912836,3.2499338674675884,20.340209737698444,96,96,124,260,ANR-94|ADORA2A|BRD-K31170746-001-01-6,ADORA2A,0.01633358952788677,3.196850781684579,False,False,45,-0.23419213830816132,4.01104282925117,True,False,True,-9.778139594785609
BR00118049,AKR1C1,CONTINUOUS,4.231051307014973,2.056951945723325,36.44277543917322,96,96,124,260,desonide|PLA2G1B|BRD-K21528677-001-04-4,PLA2G1B,0.2078627875431609,1.6293881804437385,False,False,152,-0.24084598345367025,2.552360560009241,True,False,True,-32.211724132158245
BR00118049,FPR1,CONTINUOUS,3.181238846348065,1.7836027714567122,36.44277543917322,96,96,124,260,desonide|PLA2G1B|BRD-K21528677-001-04-4,PLA2G1B,0.08646240826814622,1.6293881804437385,False,False,77,-0.24817390624966418,2.2262464384480998,True,False,True,-33.26153659282515
BR00118050,KCNN4,CONTINUOUS,9.751025721009121,3.122663241691156,20.340209737698444,96,96,124,260,ANR-94|ADORA2A|BRD-K31170746-001-01-6,ADORA2A,-0.023757777976795458,3.196850781684579,False,False,35,-0.2596121919388079,3.9333446905546,True,False,False,-10.589184016689323
BR00118049,ELANE,CONTINUOUS,3.321731344257782,1.8225617532083191,36.44277543917322,96,96,124,260,desonide|PLA2G1B|BRD-K21528677-001-04-4,PLA2G1B,0.1059901385648111,1.6293881804437385,False,False,90,-0.2597025148146468,2.295885623922771,True,False,True,-33.12104409491543
BR00117006,HTR3A,CONTINUOUS,7.849066016323936,2.8016184637319794,21.275494504478107,96,96,124,260,desonide|PLA2G1B|BRD-K21528677-001-04-4,PLA2G1B,-0.08608532751586817,3.0427967067579362,False,False,7,-0.2651167668038701,3.544374492655893,True,False,False,-13.426428488154173
BR00118050,HTR2C,CONTINUOUS,8.413100436856537,2.9005345088201477,20.340209737698444,96,96,124,260,ANR-94|ADORA2A|BRD-K31170746-001-01-6,ADORA2A,-0.10215919581796729,3.196850781684579,False,False,16,-0.2709110204251133,3.6863212723841396,True,False,False,-11.927109300841908
BR00118049,ANXA1,CONTINUOUS,2.6289698573551514,1.6214098363323048,36.44277543917322,96,96,124,260,desonide|PLA2G1B|BRD-K21528677-001-04-4,PLA2G1B,-0.00492062150583461,1.6293881804437385,False,False,45,-0.2716432529145538,2.061854878582538,True,False,False,-33.813805581818066
BR00118049,IL1B,CONTINUOUS,2.239135652765494,1.496374168704303,36.44277543917322,96,96,124,260,desonide|PLA2G1B|BRD-K21528677-001-04-4,PLA2G1B,-0.08889087670734264,1.6293881804437385,False,False,18,-0.27615007685070303,1.9095980103906796,True,False,False,-34.20363978640772
BR00118049,DCK,CONTINUOUS,3.359913950826284,1.8330068059956253,36.44277543917322,96,96,124,260,desonide|PLA2G1B|BRD-K21528677-001-04-4,PLA2G1B,0.11108448964114859,1.6293881804437385,False,False,106,-0.27976339878720946,2.3458150200423282,True,False,True,-33.082861488346936
BR00118050,GAA,CONTINUOUS,10.125325540585404,3.1820316686961814,20.340209737698444,96,96,124,260,ANR-94|ADORA2A|BRD-K31170746-001-01-6,ADORA2A,-0.004657123036573951,3.196850781684579,False,False,49,-0.28124521425513604,4.076962847126548,True,False,False,-10.21488419711304
BR00118049,HTR2C,CONTINUOUS,2.3928417825034534,1.546881308473101,36.44277543917322,96,96,124,260,desonide|PLA2G1B|BRD-K21528677-001-04-4,PLA2G1B,-0.05333755829723286,1.6293881804437385,False,False,34,-0.30105956452466276,2.0125847215746546,True,False,False,-34.049933656669765
BR00118049,KCNK1,CONTINUOUS,2.2865056737851885,1.5121195963895147,36.44277543917322,96,96,124,260,desonide|PLA2G1B|BRD-K21528677-001-04-4,PLA2G1B,-0.07755245308185166,1.6293881804437385,False,False,23,-0.3028318403977912,1.9700375566670196,True,False,False,-34.15626976538803
BR00118050,CACNG1,CONTINUOUS,11.855052336870548,3.443116660363187,20.340209737698444,96,96,124,260,ANR-94|ADORA2A|BRD-K31170746-001-01-6,ADORA2A,0.07152411694745198,3.196850781684579,False,False,80,-0.3034174827432805,4.487818450243339,True,False,True,-8.485157400827896
BR00117006,GRIN2A,CONTINUOUS,10.60233382888491,3.256122514415714,21.275494504478107,96,96,124,260,desonide|PLA2G1B|BRD-K21528677-001-04-4,PLA2G1B,0.06551528903297177,3.0427967067579362,False,False,54,-0.30560103963143814,4.251196939989795,True,False,True,-10.673160675593197
BR00118049,KCNQ2,CONTINUOUS,2.374201321956717,1.5408443535791398,36.44277543917322,96,96,124,260,desonide|PLA2G1B|BRD-K21528677-001-04-4,PLA2G1B,-0.05746448475335453,1.6293881804437385,False,False,36,-0.3098553513460893,2.018283222128352,True,False,False,-34.0685741172165
BR00118050,ADORA2A,CONTINUOUS,5.875500973451723,2.4239432694375758,20.340209737698444,96,96,124,260,ANR-94|ADORA2A|BRD-K31170746-001-01-6,ADORA2A,-0.3188636970142542,3.196850781684579,True,True,1,-0.3188636970142542,3.196850781684579,True,False,False,-14.464708764246721
BR00118050,KCNQ2,CONTINUOUS,9.109717658813443,3.018230882290724,20.340209737698444,96,96,124,260,ANR-94|ADORA2A|BRD-K31170746-001-01-6,ADORA2A,-0.05918032992135758,3.196850781684579,False,False,42,-0.32150619788141377,3.9886108175856014,True,False,False,-11.230492078885002
BR00118050,CA5A,CONTINUOUS,10.509101209121015,3.2417743920762,20.340209737698444,96,96,124,260,ANR-94|ADORA2A|BRD-K31170746-001-01-6,ADORA2A,0.013857722641776982,3.196850781684579,False,False,70,-0.3353219056648056,4.328812358963893,True,False,True,-9.83110852857743
BR00118049,KCTD16,CONTINUOUS,1.7674312347849226,1.329447717958447,36.44277543917322,96,96,124,260,desonide|PLA2G1B|BRD-K21528677-001-04-4,PLA2G1B,-0.22561283037490654,1.6293881804437385,False,False,5,-0.3400572771903154,1.7815360890956151,True,False,False,-34.675344204388296
BR00118050,CACNB4,CONTINUOUS,10.229063877110491,3.1982907743215736,20.340209737698444,96,96,124,260,ANR-94|ADORA2A|BRD-K31170746-001-01-6,ADORA2A,0.0004502381864575078,3.196850781684579,False,False,66,-0.3440606555523771,4.298696794783118,True,False,True,-10.111145860587953
BR00118050,ANXA1,CONTINUOUS,16.26700765629419,4.033237862598013,20.340209737698444,96,96,124,260,ANR-94|ADORA2A|BRD-K31170746-001-01-6,ADORA2A,0.20737360636981317,3.196850781684579,False,False,179,-0.344585764244588,5.423034213862903,True,False,True,-4.073202081404254
BR00118049,CDK9,CONTINUOUS,3.7835849156185657,1.945143931851462,36.44277543917322,96,96,124,260,desonide|PLA2G1B|BRD-K21528677-001-04-4,PLA2G1B,0.1623302760469828,1.6293881804437385,False,False,160,-0.34510965216980205,2.6164318775942665,True,False,True,-32.65919052355465
BR00117006,CHRM3,CONTINUOUS,6.836074775575608,2.614588834898445,21.275494504478107,96,96,124,260,desonide|PLA2G1B|BRD-K21528677-001-04-4,PLA2G1B,-0.16377637131421463,3.0427967067579362,False,False,7,-0.3556144833733319,3.544374492655893,True,False,False,-14.4394197289025
BR00117006,ADA,CONTINUOUS,21.013313581700217,4.5840280956490895,21.275494504478107,96,96,124,260,desonide|PLA2G1B|BRD-K21528677-001-04-4,PLA2G1B,0.3362177012733998,3.0427967067579362,False,False,188,-0.35931650023425954,6.2311450279545975,True,False,True,-0.2621809227778904
BR00118050,F10,CONTINUOUS,7.353768347803481,2.711783241301465,20.340209737698444,96,96,124,260,ANR-94|ADORA2A|BRD-K31170746-001-01-6,ADORA2A,-0.17887400917380725,3.196850781684579,False,False,17,-0.36136826701316127,3.6917356517272704,True,False,False,-12.986441389894964
BR00118050,COMT,CONTINUOUS,9.561794119821979,3.092215083046776,20.340209737698444,96,96,124,260,ANR-94|ADORA2A|BRD-K31170746-001-01-6,ADORA2A,-0.03383842838437712,3.196850781684579,False,False,61,-0.3637200385923822,4.2169156723898595,True,False,False,-10.778415617876465
BR00118050,GJB4,CONTINUOUS,8.183318162418947,2.8606499545416155,20.340209737698444,96,96,124,260,ANR-94|ADORA2A|BRD-K31170746-001-01-6,ADORA2A,-0.1175260281699575,3.196850781684579,False,False,37,-0.37768883704180944,3.941085509057521,True,False,False,-12.156891575279497
BR00117006,CA14,CONTINUOUS,8.54931558790871,2.923921269102284,21.275494504478107,96,96,124,260,desonide|PLA2G1B|BRD-K21528677-001-04-4,PLA2G1B,-0.04065616913519321,3.0427967067579362,False,False,26,-0.3833362192621059,4.0447661938213955,True,False,False,-12.726178916569397
BR00117006,CACNB4,CONTINUOUS,9.012107220192682,3.0020171918549505,21.275494504478107,96,96,124,260,desonide|PLA2G1B|BRD-K21528677-001-04-4,PLA2G1B,-0.013584037763879175,3.0427967067579362,False,False,40,-0.38451884422672644,4.156349372817163,True,False,False,-12.263387284285425
BR00118049,HRH4,CONTINUOUS,2.0895706106378515,1.4455347144354063,36.44277543917322,96,96,124,260,desonide|PLA2G1B|BRD-K21528677-001-04-4,PLA2G1B,-0.12718716760739568,1.6293881804437385,False,False,29,-0.38800179734799123,2.0064047817666473,True,False,False,-34.35320482853537
BR00118050,CYP3A4,CONTINUOUS,7.266941762423422,2.6957265741212373,20.340209737698444,96,96,124,260,ANR-94|ADORA2A|BRD-K31170746-001-01-6,ADORA2A,-0.18589578497051895,3.196850781684579,False,False,20,-0.3900922670009608,3.7473086646363147,True,False,False,-13.073267975275023
BR00118049,CACNB4,CONTINUOUS,2.17571816921967,1.4750315824482099,36.44277543917322,96,96,124,260,desonide|PLA2G1B|BRD-K21528677-001-04-4,PLA2G1B,-0.10464630034444933,1.6293881804437385,False,False,42,-0.3951306383617157,2.057861753226058,True,False,False,-34.26705726995355
BR00118050,AKR1B1,CONTINUOUS,6.792933108074408,2.6063255951769357,20.340209737698444,96,96,124,260,ANR-94|ADORA2A|BRD-K31170746-001-01-6,ADORA2A,-0.22657383544066656,3.196850781684579,False,False,15,-0.3998658922093641,3.648506304681863,True,False,False,-13.547276629624037
BR00118050,ALK,CONTINUOUS,7.123165991924771,2.6689259997093906,20.340209737698444,96,96,124,260,ANR-94|ADORA2A|BRD-K31170746-001-01-6,ADORA2A,-0.19780420365026008,3.196850781684579,False,False,22,-0.412392427479332,3.7695708714936615,True,False,False,-13.217043745773672
BR00118049,CCR1,CONTINUOUS,2.694094105088517,1.6413695821138263,36.44277543917322,96,96,124,260,desonide|PLA2G1B|BRD-K21528677-001-04-4,PLA2G1B,0.0072996367190200084,1.6293881804437385,False,False,117,-0.4451017250292044,2.3719460145246,True,False,True,-33.7486813340847
BR00117006,KDR,CONTINUOUS,12.351034137258392,3.5144038096465797,21.275494504478107,96,96,124,260,desonide|PLA2G1B|BRD-K21528677-001-04-4,PLA2G1B,0.13419263363959755,3.0427967067579362,False,False,143,-0.4451251908524714,5.078753476149611,True,False,True,-8.924460367219716
BR00118050,HIF1A,CONTINUOUS,8.707115429159407,2.9507821724348626,20.340209737698444,96,96,124,260,ANR-94|ADORA2A|BRD-K31170746-001-01-6,ADORA2A,-0.08339097733045708,3.196850781684579,False,False,65,-0.4499312093238499,4.278431163731187,True,False,False,-11.633094308539038
BR00118049,ABL1,CONTINUOUS,2.9357602528374844,1.7134060385202,36.44277543917322,96,96,124,260,desonide|PLA2G1B|BRD-K21528677-001-04-4,PLA2G1B,0.0490355795348868,1.6293881804437385,False,False,141,-0.4545655519125158,2.4922614000718264,True,False,True,-33.507015186335735
BR00118049,CACNA2D3,CONTINUOUS,3.2148193724778675,1.7929917379837164,36.44277543917322,96,96,124,260,desonide|PLA2G1B|BRD-K21528677-001-04-4,PLA2G1B,0.09124613018287797,1.6293881804437385,False,False,159,-0.4583645161869965,2.614835528493363,True,False,True,-33.22795606669535
BR00118050,KCTD16,CONTINUOUS,7.177322157583856,2.6790524738391848,20.340209737698444,96,96,124,260,ANR-94|ADORA2A|BRD-K31170746-001-01-6,ADORA2A,-0.1932766576617948,3.196850781684579,False,False,34,-0.4606887698736739,3.9132618624406423,True,False,False,-13.162887580114589
BR00117006,ADRA2B,CONTINUOUS,5.867257127678242,2.422242169494669,21.275494504478107,96,96,124,260,desonide|PLA2G1B|BRD-K21528677-001-04-4,PLA2G1B,-0.25619013039950156,3.0427967067579362,False,False,7,-0.4632618229885168,3.544374492655893,True,False,False,-15.408237376799866
BR00117006,ALK,CONTINUOUS,7.907872914200812,2.8120940443379223,21.275494504478107,96,96,124,260,desonide|PLA2G1B|BRD-K21528677-001-04-4,PLA2G1B,-0.08203945486227449,3.0427967067579362,False,False,39,-0.47037885612046293,4.134843624218231,True,False,False,-13.367621590277295
BR00118049,CA5A,CONTINUOUS,2.3104085744283864,1.5200028205330365,36.44277543917322,96,96,124,260,desonide|PLA2G1B|BRD-K21528677-001-04-4,PLA2G1B,-0.07196391903488086,1.6293881804437385,False,False,82,-0.4777356081635482,2.246162292412173,True,False,False,-34.13236686474483
BR00118050,ADH1C,CONTINUOUS,6.560740723584893,2.5613942928773956,20.340209737698444,96,96,124,260,ANR-94|ADORA2A|BRD-K31170746-001-01-6,ADORA2A,-0.2480900697612165,3.196850781684579,False,False,26,-0.4992346801755727,3.840131153487079,True,False,False,-13.779469014113552
BR00118050,IL1B,CONTINUOUS,5.606427780997734,2.367789640360337,20.340209737698444,96,96,124,260,ANR-94|ADORA2A|BRD-K31170746-001-01-6,ADORA2A,-0.350141383842157,3.196850781684579,False,False,10,-0.5030973271209114,3.55901827961171,True,False,False,-14.73378195670071
BR00118049,CTSG,CONTINUOUS,3.960344082420979,1.9900613262964986,36.44277543917322,96,96,124,260,desonide|PLA2G1B|BRD-K21528677-001-04-4,PLA2G1B,0.18123720163176638,1.6293881804437385,False,False,200,-0.510925766903378,3.0068349356208017,True,False,True,-32.48243135675224
BR00118049,KCNMA1,CONTINUOUS,2.1992458295497226,1.4829854448205897,36.44277543917322,96,96,124,260,desonide|PLA2G1B|BRD-K21528677-001-04-4,PLA2G1B,-0.09872162679233965,1.6293881804437385,False,False,83,-0.5163552465174257,2.248732759764196,True,False,False,-34.243529609623494
BR00118049,GUCY1B1,CONTINUOUS,1.9602396130593531,1.4000855734773332,36.44277543917322,96,96,124,260,desonide|PLA2G1B|BRD-K21528677-001-04-4,PLA2G1B,-0.16377756567816948,1.6293881804437385,False,False,59,-0.5214708657949263,2.1301894096670657,True,False,False,-34.48253582611387
BR00117006,KCNQ2,CONTINUOUS,7.916019109707625,2.8135420931110353,21.275494504478107,96,96,124,260,desonide|PLA2G1B|BRD-K21528677-001-04-4,PLA2G1B,-0.08148256043765967,3.0427967067579362,False,False,62,-0.5273390658407315,4.297232752197313,True,False,False,-13.359475394770483
BR00118049,LCK,CONTINUOUS,4.212248092012663,2.052376206257679,36.44277543917322,96,96,124,260,desonide|PLA2G1B|BRD-K21528677-001-04-4,PLA2G1B,0.20609673047516697,1.6293881804437385,False,False,206,-0.5385343461764187,3.1576512846042357,True,False,True,-32.23052734716055
BR00117006,CSK,CONTINUOUS,13.199023163617527,3.6330459897471057,21.275494504478107,96,96,124,260,desonide|PLA2G1B|BRD-K21528677-001-04-4,PLA2G1B,0.1624667798469278,3.0427967067579362,False,False,172,-0.5401106060804697,5.595292661189175,True,False,True,-8.07647134086058
BR00118049,KCNH7,CONTINUOUS,1.6344449723478505,1.2784541338459705,36.44277543917322,96,96,124,260,desonide|PLA2G1B|BRD-K21528677-001-04-4,PLA2G1B,-0.2744987382071966,1.6293881804437385,False,False,23,-0.5409528621406381,1.9700375566670196,True,False,False,-34.80833046682537
BR00117006,KCNMA1,CONTINUOUS,6.95103535886608,2.6364816249816876,21.275494504478107,96,96,124,260,desonide|PLA2G1B|BRD-K21528677-001-04-4,PLA2G1B,-0.15411261657396014,3.0427967067579362,False,False,32,-0.541091232159916,4.063058716011548,True,False,False,-14.324459145612028
BR00117006,GPR119,CONTINUOUS,11.526829154792832,3.395118430157162,21.275494504478107,96,96,124,260,desonide|PLA2G1B|BRD-K21528677-001-04-4,PLA2G1B,0.10377302902621066,3.0427967067579362,False,False,152,-0.5456207134724247,5.247565370344437,True,False,True,-9.748665349685275
BR00118050,HTR3A,CONTINUOUS,5.565024893554027,2.35903049864855,20.340209737698444,96,96,124,260,ANR-94|ADORA2A|BRD-K31170746-001-01-6,ADORA2A,-0.35515449398159404,3.196850781684579,False,False,16,-0.562642481517051,3.6863212723841396,True,False,False,-14.775184844144416
BR00117006,HPGDS,CONTINUOUS,8.37440906781263,2.8938571263648503,21.275494504478107,96,96,124,260,desonide|PLA2G1B|BRD-K21528677-001-04-4,PLA2G1B,-0.051467496109293576,3.0427967067579362,False,False,92,-0.562691671093918,4.522206428707694,True,False,False,-12.901085436665477
BR00118049,CHRM2,CONTINUOUS,1.9427472669305696,1.3938246901711024,36.44277543917322,96,96,124,260,desonide|PLA2G1B|BRD-K21528677-001-04-4,PLA2G1B,-0.16900510654790435,1.6293881804437385,False,False,66,-0.5635240338518077,2.179278402060132,True,False,False,-34.50002817224265
BR00117006,KCNN1,CONTINUOUS,6.181953951796207,2.486353545213594,21.275494504478107,96,96,124,260,desonide|PLA2G1B|BRD-K21528677-001-04-4,PLA2G1B,-0.22379888918625856,3.0427967067579362,False,False,17,-0.5808493584979533,3.930550406951603,True,False,False,-15.093540552681901
BR00118049,ITGB2,CONTINUOUS,1.7055189413478486,1.3059551835142922,36.44277543917322,96,96,124,260,desonide|PLA2G1B|BRD-K21528677-001-04-4,PLA2G1B,-0.24766010427543805,1.6293881804437385,False,False,47,-0.58923000141174,2.075463158141677,True,False,False,-34.73725649782537
BR00118049,DDR2,CONTINUOUS,3.9781707640114323,1.9945352250615762,36.44277543917322,96,96,124,260,desonide|PLA2G1B|BRD-K21528677-001-04-4,PLA2G1B,0.18307375073176846,1.6293881804437385,False,False,207,-0.5909877120638976,3.1732810343531592,True,False,True,-32.46460467516179
BR00117006,ADORA2A,CONTINUOUS,6.169535060448284,2.483854879103907,21.275494504478107,96,96,124,260,desonide|PLA2G1B|BRD-K21528677-001-04-4,PLA2G1B,-0.2250299855901614,3.0427967067579362,False,False,20,-0.6008174902589112,3.9761983337360687,True,False,False,-15.105959444029823
BR00117006,AKR1B1,CONTINUOUS,4.815551229195099,2.194436426327976,21.275494504478107,96,96,124,260,desonide|PLA2G1B|BRD-K21528677-001-04-4,PLA2G1B,-0.3865959707240929,3.0427967067579362,False,False,6,-0.6077763990994389,3.5281630955758425,True,False,False,-16.45994327528301
BR00118049,FGF1,CONTINUOUS,2.085757283100483,1.4442151097050893,36.44277543917322,96,96,124,260,desonide|PLA2G1B|BRD-K21528677-001-04-4,PLA2G1B,-0.12821709833470263,1.6293881804437385,False,False,102,-0.6128947592563838,2.329366981683835,True,False,False,-34.35701815607273
BR00118050,FFAR2,CONTINUOUS,11.344173747900992,3.3681113027780114,20.340209737698444,96,96,124,260,ANR-94|ADORA2A|BRD-K31170746-001-01-6,ADORA2A,0.0508476429959801,3.196850781684579,False,False,183,-0.6263811068880729,5.477832588735958,True,False,True,-8.996035989797452
BR00118050,AKR1C1,CONTINUOUS,7.755610758700435,2.784889721102154,20.340209737698444,96,96,124,260,ANR-94|ADORA2A|BRD-K31170746-001-01-6,ADORA2A,-0.1479272437467427,3.196850781684579,False,False,88,-0.6335692624801679,4.54931024779108,True,False,False,-12.58459897899801
BR00118049,CYP3A4,CONTINUOUS,1.3219707189757985,1.1497698547865127,36.44277543917322,96,96,124,260,desonide|PLA2G1B|BRD-K21528677-001-04-4,PLA2G1B,-0.41714289486643663,1.6293881804437385,False,False,16,-0.6394228421776222,1.8849589631858963,True,False,False,-35.12080472019742
BR00117006,HRH4,CONTINUOUS,4.5600472544247355,2.135426714833533,21.275494504478107,96,96,124,260,desonide|PLA2G1B|BRD-K21528677-001-04-4,PLA2G1B,-0.4249127285052776,3.0427967067579362,False,False,7,-0.6597968303166677,3.544374492655893,True,False,False,-16.715447250053373
BR00117006,CA5A,CONTINUOUS,13.708241248486747,3.7024642129920373,21.275494504478107,96,96,124,260,desonide|PLA2G1B|BRD-K21528677-001-04-4,PLA2G1B,0.17816985345061098,3.0427967067579362,False,False,187,-0.6676343573210264,6.174356528338744,True,False,True,-7.567253255991361
BR00118049,ATP5F1D,CONTINUOUS,1.4652744834430669,1.2104852264456047,36.44277543917322,96,96,124,260,desonide|PLA2G1B|BRD-K21528677-001-04-4,PLA2G1B,-0.3460620128564713,1.6293881804437385,False,False,37,-0.6770824906589796,2.030083578474971,True,False,False,-34.97750095573015
BR00118050,KCNMA1,CONTINUOUS,5.495356007781985,2.344217568354521,20.340209737698444,96,96,124,260,ANR-94|ADORA2A|BRD-K31170746-001-01-6,ADORA2A,-0.3637176108731168,3.196850781684579,False,False,35,-0.6778923354430189,3.9333446905546,True,False,False,-14.844853729916458
BR00117006,ASIC1,CONTINUOUS,5.823306219500508,2.4131527551111445,21.275494504478107,96,96,124,260,desonide|PLA2G1B|BRD-K21528677-001-04-4,PLA2G1B,-0.2609217134356381,3.0427967067579362,False,False,31,-0.6817292611982961,4.0582696000133796,True,False,False,-15.452188284977598
BR00118049,ICAM1,CONTINUOUS,1.6249355832063561,1.27472961180258,36.44277543917322,96,96,124,260,desonide|PLA2G1B|BRD-K21528677-001-04-4,PLA2G1B,-0.27822258568102276,1.6293881804437385,False,False,64,-0.6928401806050906,2.1579135062682293,True,False,False,-34.81783985596686
BR00118050,BTK,CONTINUOUS,12.25721598365092,3.501030703043165,20.340209737698444,96,96,124,260,ANR-94|ADORA2A|BRD-K31170746-001-01-6,ADORA2A,0.08688296309286869,3.196850781684579,False,False,202,-0.7112218203580536,5.991040132792673,True,False,True,-8.082993754047525
BR00118049,HSD11B1,CONTINUOUS,1.3723232803658072,1.1714620268561022,36.44277543917322,96,96,124,260,desonide|PLA2G1B|BRD-K21528677-001-04-4,PLA2G1B,-0.39090140618146996,1.6293881804437385,False,False,31,-0.7164225107125874,2.010723793342524,True,False,False,-35.07045215880741
BR00118050,ADRA2B,CONTINUOUS,4.550942878625231,2.1332939034800695,20.340209737698444,96,96,124,260,ANR-94|ADORA2A|BRD-K31170746-001-01-6,ADORA2A,-0.498551501257289,3.196850781684579,False,False,16,-0.7279950345186232,3.6863212723841396,True,False,False,-15.789266859073212
BR00118049,HIF1A,CONTINUOUS,2.1322955265727206,1.46023817460465,36.44277543917322,96,96,124,260,desonide|PLA2G1B|BRD-K21528677-001-04-4,PLA2G1B,-0.11583727146687472,1.6293881804437385,False,False,149,-0.7287259837953484,2.524351674970676,True,False,False,-34.3104799126005
BR00118050,CYP1A2,CONTINUOUS,5.097689070163109,2.257806251688375,20.340209737698444,96,96,124,260,ANR-94|ADORA2A|BRD-K31170746-001-01-6,ADORA2A,-0.41591014698120143,3.196850781684579,False,False,36,-0.7423530320685239,3.9338955684542514,True,False,False,-15.242520667535334
BR00117006,AVPR1A,CONTINUOUS,6.008582520048379,2.4512410163116107,21.275494504478107,96,96,124,260,desonide|PLA2G1B|BRD-K21528677-001-04-4,PLA2G1B,-0.2413290600592184,3.0427967067579362,False,False,61,-0.7524028121591617,4.295561650266101,True,False,False,-15.26691198442973
BR00117006,DCK,CONTINUOUS,6.149742191591365,2.479867373790656,21.275494504478107,96,96,124,260,desonide|PLA2G1B|BRD-K21528677-001-04-4,PLA2G1B,-0.22699977382482972,3.0427967067579362,False,False,69,-0.757577047356558,4.3585579766646,True,False,False,-15.125752312886743
BR00118050,FGF1,CONTINUOUS,6.938388061847276,2.634082015019137,20.340209737698444,96,96,124,260,ANR-94|ADORA2A|BRD-K31170746-001-01-6,ADORA2A,-0.2136489158102921,3.196850781684579,False,False,102,-0.7599096350556569,4.635746317760758,True,False,False,-13.401821675851167
BR00117006,FOXM1,CONTINUOUS,9.10107841826774,3.016799366591643,21.275494504478107,96,96,124,260,desonide|PLA2G1B|BRD-K21528677-001-04-4,PLA2G1B,-0.008617523741612398,3.0427967067579362,False,False,158,-0.7602812194160753,5.310415267759342,True,False,False,-12.174416086210368
BR00118050,HRH4,CONTINUOUS,4.384465394100108,2.0939115057948623,20.340209737698444,96,96,124,260,ANR-94|ADORA2A|BRD-K31170746-001-01-6,ADORA2A,-0.5267363366769919,3.196850781684579,False,False,16,-0.7604952559745488,3.6863212723841396,True,False,False,-15.955744343598337
BR00118050,CSK,CONTINUOUS,9.432887741922299,3.0713006596428,20.340209737698444,96,96,124,260,ANR-94|ADORA2A|BRD-K31170746-001-01-6,ADORA2A,-0.04087848633332425,3.196850781684579,False,False,180,-0.7662275416842717,5.424615813855951,True,False,False,-10.907321995776146
BR00117006,KCNN4,CONTINUOUS,4.832632992953409,2.1983250426070775,21.275494504478107,96,96,124,260,desonide|PLA2G1B|BRD-K21528677-001-04-4,PLA2G1B,-0.3841432216720706,3.0427967067579362,False,False,17,-0.787975085926522,3.930550406951603,True,False,False,-16.442861511524697
BR00117006,ABL1,CONTINUOUS,9.775326791754438,3.1265519013370686,21.275494504478107,96,96,124,260,desonide|PLA2G1B|BRD-K21528677-001-04-4,PLA2G1B,0.026788358940815216,3.0427967067579362,False,False,174,-0.7909682226056323,5.599555101623701,True,False,True,-11.50016771272367
BR00118050,KCNJ1,CONTINUOUS,5.236514753491263,2.288343233322148,20.340209737698444,96,96,124,260,ANR-94|ADORA2A|BRD-K31170746-001-01-6,ADORA2A,-0.39701541933553797,3.196850781684579,False,False,54,-0.8073756702346089,4.135895885054257,True,False,False,-15.10369498420718
BR00118050,CA14,CONTINUOUS,5.27280754154703,2.2962594673832113,20.340209737698444,96,96,124,260,ANR-94|ADORA2A|BRD-K31170746-001-01-6,ADORA2A,-0.3921992819593152,3.196850781684579,False,False,57,-0.8185628115641763,4.175892073087089,True,False,False,-15.067402196151415
BR00118050,LCK,CONTINUOUS,11.509487217178613,3.392563517044097,20.340209737698444,96,96,124,260,ANR-94|ADORA2A|BRD-K31170746-001-01-6,ADORA2A,0.05768874609928687,3.196850781684579,False,False,206,-0.8485271007451283,6.271245602257069,True,False,True,-8.830722520519831
BR00118049,FOXM1,CONTINUOUS,2.1882019062085054,1.4792572143506704,36.44277543917322,96,96,124,260,desonide|PLA2G1B|BRD-K21528677-001-04-4,PLA2G1B,-0.10149077836870135,1.6293881804437385,False,False,179,-0.8530794902351331,2.7411812046974364,True,False,False,-34.25457353296471
BR00118050,ABL1,CONTINUOUS,8.493757737167966,2.9144052115599792,20.340209737698444,96,96,124,260,ANR-94|ADORA2A|BRD-K31170746-001-01-6,ADORA2A,-0.09691362374840096,3.196850781684579,False,False,177,-0.8570597227295402,5.412224534102959,True,False,False,-11.846452000530478
BR00117006,GUCY1B1,CONTINUOUS,5.88510128324253,2.425922769430744,21.275494504478107,96,96,124,260,desonide|PLA2G1B|BRD-K21528677-001-04-4,PLA2G1B,-0.2542842439583066,3.0427967067579362,False,False,93,-0.8728633979837461,4.543421961204076,True,False,False,-15.390393221235577
BR00117006,ATP5F1D,CONTINUOUS,4.636858297867255,2.1533365500699735,21.275494504478107,96,96,124,260,desonide|PLA2G1B|BRD-K21528677-001-04-4,PLA2G1B,-0.4130613752214656,3.0427967067579362,False,False,29,-0.8810731882131748,4.050583649537965,True,False,False,-16.638636206610855
BR00117006,CACNG1,CONTINUOUS,6.075999251860516,2.464954208877016,21.275494504478107,96,96,124,260,desonide|PLA2G1B|BRD-K21528677-001-04-4,PLA2G1B,-0.2344232180049053,3.0427967067579362,False,False,109,-0.9010396216902528,4.6859756167292606,True,False,False,-15.199495252617591
BR00117006,ANXA1,CONTINUOUS,10.966590294710667,3.311584257528512,21.275494504478107,96,96,124,260,desonide|PLA2G1B|BRD-K21528677-001-04-4,PLA2G1B,0.08116584989810749,3.0427967067579362,False,False,193,-0.9134150174944877,6.336435050055302,True,False,True,-10.30890420976744
BR00118049,KDR,CONTINUOUS,1.1469045173330878,1.070936280706321,36.44277543917322,96,96,124,260,desonide|PLA2G1B|BRD-K21528677-001-04-4,PLA2G1B,-0.5214613696415036,1.6293881804437385,False,False,40,-0.9195941731645823,2.055763044276323,True,False,False,-35.29587092184013
BR00117006,CDK4,CONTINUOUS,11.96919204032314,3.459652011449004,21.275494504478107,96,96,124,260,desonide|PLA2G1B|BRD-K21528677-001-04-4,PLA2G1B,0.1204905300626915,3.0427967067579362,False,False,201,-0.9353065153799085,6.695487078706399,True,False,True,-9.306302464154967
BR00118049,CSK,CONTINUOUS,2.1279337705485992,1.458743901632017,36.44277543917322,96,96,124,260,desonide|PLA2G1B|BRD-K21528677-001-04-4,PLA2G1B,-0.116980285997899,1.6293881804437385,False,False,190,-0.9551298273382993,2.8520337125305577,True,False,False,-34.31484166862462
BR00117006,FPR1,CONTINUOUS,4.324225673446093,2.0794772596607287,21.275494504478107,96,96,124,260,desonide|PLA2G1B|BRD-K21528677-001-04-4,PLA2G1B,-0.4632507725777737,3.0427967067579362,False,False,33,-0.9575479372203659,4.0706764201474765,True,False,False,-16.951268831032014
BR00118050,ATP5F1D,CONTINUOUS,4.264852837704275,2.0651520132194325,20.340209737698444,96,96,124,260,ANR-94|ADORA2A|BRD-K31170746-001-01-6,ADORA2A,-0.5479978041419606,3.196850781684579,False,False,47,-0.9625146777482654,4.052891137726479,True,False,False,-16.07535689999417
BR00117006,HCK,CONTINUOUS,12.932697994478067,3.5962060556200153,21.275494504478107,96,96,124,260,desonide|PLA2G1B|BRD-K21528677-001-04-4,PLA2G1B,0.1538869965468408,3.0427967067579362,False,False,212,-0.9644426266146902,7.064540469751802,True,False,True,-8.34279651000004
BR00117006,FFAR4,CONTINUOUS,3.2960669878763094,1.8155073637626231,21.275494504478107,96,96,124,260,desonide|PLA2G1B|BRD-K21528677-001-04-4,PLA2G1B,-0.6760035059566438,3.0427967067579362,False,False,8,-0.9792321149037451,3.593310479205199,True,False,False,-17.9794275166018
BR00118050,FPR1,CONTINUOUS,5.255393087576931,2.2924644135900847,20.340209737698444,96,96,124,260,ANR-94|ADORA2A|BRD-K31170746-001-01-6,ADORA2A,-0.3945039943615949,3.196850781684579,False,False,93,-0.9983309266728579,4.581102535976022,True,False,False,-15.084816650121514
BR00118050,FFAR4,CONTINUOUS,3.552997181498504,1.8849395697206062,20.340209737698444,96,96,124,260,ANR-94|ADORA2A|BRD-K31170746-001-01-6,ADORA2A,-0.6959964303559787,3.196850781684579,False,False,21,-0.9995204121151595,3.768975145261918,True,False,False,-16.78721255619994
BR00118050,GLRA3,CONTINUOUS,3.6492025185013808,1.910288595605748,20.340209737698444,96,96,124,260,ANR-94|ADORA2A|BRD-K31170746-001-01-6,ADORA2A,-0.6734910049908931,3.196850781684579,False,False,25,-1.0009307186049239,3.8223551323502014,True,False,False,-16.691007219197065
BR00117006,KCNK1,CONTINUOUS,5.519461469470873,2.3493534151912674,21.275494504478107,96,96,124,260,desonide|PLA2G1B|BRD-K21528677-001-04-4,PLA2G1B,-0.2951634637349436,3.0427967067579362,False,False,113,-1.0134605500925131,4.730330419714747,True,False,False,-15.756033035007235
BR00117006,KCTD16,CONTINUOUS,2.9095170727317368,1.705730656560917,21.275494504478107,96,96,124,260,desonide|PLA2G1B|BRD-K21528677-001-04-4,PLA2G1B,-0.7838670455105843,3.0427967067579362,False,False,4,-1.0225652109805372,3.449951485265124,True,False,False,-18.36597743174637
BR00117006,CYP3A4,CONTINUOUS,4.1749463847312756,2.043268554236392,21.275494504478107,96,96,124,260,desonide|PLA2G1B|BRD-K21528677-001-04-4,PLA2G1B,-0.4891809989674103,3.0427967067579362,False,False,42,-1.0417104677058187,4.1717627955206185,True,False,False,-17.100548119746833
BR00118049,KCNN1,CONTINUOUS,1.1998648518754758,1.0953834268763956,36.44277543917322,96,96,124,260,desonide|PLA2G1B|BRD-K21528677-001-04-4,PLA2G1B,-0.4875048685816141,1.6293881804437385,False,False,83,-1.0529183704875358,2.248732759764196,True,False,False,-35.24291058729774
BR00117006,IL1B,CONTINUOUS,3.7764119435362122,1.9432992418915345,21.275494504478107,96,96,124,260,desonide|PLA2G1B|BRD-K21528677-001-04-4,PLA2G1B,-0.5657890669450507,3.0427967067579362,False,False,23,-1.0712268311718,4.025013530803636,True,False,False,-17.499082560941893
BR00118049,HDAC6,CONTINUOUS,1.6963157783016065,1.3024268802130914,36.44277543917322,96,96,124,260,desonide|PLA2G1B|BRD-K21528677-001-04-4,PLA2G1B,-0.2510400431661095,1.6293881804437385,False,False,177,-1.0998236809198838,2.734866805740154,True,False,False,-34.74645966087161
BR00118049,HPGDS,CONTINUOUS,1.106290964634195,1.0518036720957933,36.44277543917322,96,96,124,260,desonide|PLA2G1B|BRD-K21528677-001-04-4,PLA2G1B,-0.5491371856456042,1.6293881804437385,False,False,72,-1.103282534410197,2.2122402931496956,True,False,False,-35.33648447453902
BR00118050,DHH,CONTINUOUS,5.081319913083378,2.254178323266236,20.340209737698444,96,96,124,260,ANR-94|ADORA2A|BRD-K31170746-001-01-6,ADORA2A,-0.4181889465829929,3.196850781684579,False,False,116,-1.1102644867175155,4.756912462319284,True,False,False,-15.258889824615066
BR00117006,GLRA3,CONTINUOUS,4.105015527323354,2.0260837907952753,21.275494504478107,96,96,124,260,desonide|PLA2G1B|BRD-K21528677-001-04-4,PLA2G1B,-0.5018118799331988,3.0427967067579362,False,False,58,-1.1115588819356135,4.278195224001653,True,False,False,-17.170478977154755
BR00117006,ELANE,CONTINUOUS,3.8807370639010426,1.9699586452260978,21.275494504478107,96,96,124,260,desonide|PLA2G1B|BRD-K21528677-001-04-4,PLA2G1B,-0.5445992808682343,3.0427967067579362,False,False,44,-1.1219656985549111,4.180184672743605,True,False,False,-17.394757440577067
BR00118049,EDNRB,CONTINUOUS,1.4015877272536823,1.1838867037236638,36.44277543917322,96,96,124,260,desonide|PLA2G1B|BRD-K21528677-001-04-4,PLA2G1B,-0.3763041474471063,1.6293881804437385,False,False,146,-1.125629596754516,2.5165046166412903,True,False,False,-35.041187711919534
BR00118050,KCNK1,CONTINUOUS,5.725934962054774,2.3928925930878666,20.340209737698444,96,96,124,260,ANR-94|ADORA2A|BRD-K31170746-001-01-6,ADORA2A,-0.33597754906246013,3.196850781684579,False,False,148,-1.1272954721971091,5.090389578731946,True,False,False,-14.61427477564367
BR00118049,COMT,CONTINUOUS,0.9757395899355595,0.9877953178343981,36.44277543917322,96,96,124,260,desonide|PLA2G1B|BRD-K21528677-001-04-4,PLA2G1B,-0.6495200483580876,1.6293881804437385,False,False,54,-1.1391720001449364,2.1130640857877516,True,False,False,-35.46703584923766
BR00117006,DDR2,CONTINUOUS,11.102833881772607,3.332091517616617,21.275494504478107,96,96,124,260,desonide|PLA2G1B|BRD-K21528677-001-04-4,PLA2G1B,0.08682078788355763,3.0427967067579362,False,False,213,-1.1490831543034963,7.1609417491095915,True,False,True,-10.1726606227055
BR00117006,ATM,CONTINUOUS,4.643779510602219,2.1549430411503265,21.275494504478107,96,96,124,260,desonide|PLA2G1B|BRD-K21528677-001-04-4,PLA2G1B,-0.41200795039680216,3.0427967067579362,False,False,105,-1.1511729423801644,4.635655162495159,True,False,False,-16.63171499387589
BR00117006,GAA,CONTINUOUS,3.542960037407076,1.8822752289203288,21.275494504478107,96,96,124,260,desonide|PLA2G1B|BRD-K21528677-001-04-4,PLA2G1B,-0.6165524892455099,3.0427967067579362,False,False,30,-1.1533771560520454,4.053248479361824,True,False,False,-17.73253446707103
BR00118050,GPR119,CONTINUOUS,5.301449960260114,2.3024877763541145,20.340209737698444,96,96,124,260,ANR-94|ADORA2A|BRD-K31170746-001-01-6,ADORA2A,-0.38843333481025444,3.196850781684579,False,False,134,-1.1601877795005326,4.973805956931674,True,False,False,-15.03875977743833
BR00118049,CDC25A,CONTINUOUS,1.165590587387016,1.0796252069060892,36.44277543917322,96,96,124,260,desonide|PLA2G1B|BRD-K21528677-001-04-4,PLA2G1B,-0.5092165040418151,1.6293881804437385,False,False,104,-1.1701421411493707,2.3429401581561833,True,False,False,-35.2771848517862
BR00118050,EDNRB,CONTINUOUS,4.942943196232992,2.22327308179472,20.340209737698444,96,96,124,260,ANR-94|ADORA2A|BRD-K31170746-001-01-6,ADORA2A,-0.4379028864517658,3.196850781684579,False,False,130,-1.1800043900087327,4.846745078502915,True,False,False,-15.397266541465452
BR00118050,AGER,CONTINUOUS,3.637497248448285,1.9072223909256847,20.340209737698444,96,96,124,260,ANR-94|ADORA2A|BRD-K31170746-001-01-6,ADORA2A,-0.6761814442264842,3.196850781684579,False,False,56,-1.180082380844155,4.157901930810729,True,False,False,-16.70271248925016
BR00118050,GUCY1B1,CONTINUOUS,5.3122383752994145,2.304829359258384,20.340209737698444,96,96,124,260,ANR-94|ADORA2A|BRD-K31170746-001-01-6,ADORA2A,-0.38702276107409084,3.196850781684579,False,False,140,-1.182815316637909,5.031016827628122,True,False,False,-15.027971362399029
BR00117006,CASP3,CONTINUOUS,3.2496666112296495,1.8026831699524044,21.275494504478107,96,96,124,260,desonide|PLA2G1B|BRD-K21528677-001-04-4,PLA2G1B,-0.6879265072611656,3.0427967067579362,False,False,25,-1.237188012013478,4.032941177278212,True,False,False,-18.025827893248458
BR00117006,HDAC6,CONTINUOUS,4.4818214294859136,2.117031277399064,21.275494504478107,96,96,124,260,desonide|PLA2G1B|BRD-K21528677-001-04-4,PLA2G1B,-0.43729416718623493,3.0427967067579362,False,False,115,-1.2487267267251787,4.76062481480267,True,False,False,-16.793673074992192
BR00117006,HBB,CONTINUOUS,3.7702521720111197,1.941713720405539,21.275494504478107,96,96,124,260,desonide|PLA2G1B|BRD-K21528677-001-04-4,PLA2G1B,-0.567067624222618,3.0427967067579362,False,False,76,-1.2607147719243184,4.3896608905711885,True,False,False,-17.505242332466988
BR00118050,AVPR1A,CONTINUOUS,3.9664353445800447,1.991591158993242,20.340209737698444,96,96,124,260,ANR-94|ADORA2A|BRD-K31170746-001-01-6,ADORA2A,-0.6051742182361342,3.196850781684579,False,False,86,-1.2809823644396596,4.542784310839808,True,False,False,-16.3737743931184
BR00118050,CDK4,CONTINUOUS,6.4603993212880635,2.541731559643556,20.340209737698444,96,96,124,260,ANR-94|ADORA2A|BRD-K31170746-001-01-6,ADORA2A,-0.25774524440009583,3.196850781684579,False,False,200,-1.3051718873475395,5.859128136476646,True,False,False,-13.87981041641038
BR00117006,HSD11B1,CONTINUOUS,3.9178005184349853,1.97934345641048,21.275494504478107,96,96,124,260,desonide|PLA2G1B|BRD-K21528677-001-04-4,PLA2G1B,-0.5372757552014147,3.0427967067579362,False,False,97,-1.3100933974724098,4.572468249986379,True,False,False,-17.357693986043124
BR00118050,DCK,CONTINUOUS,5.234050373883469,2.287804706237722,20.340209737698444,96,96,124,260,ANR-94|ADORA2A|BRD-K31170746-001-01-6,ADORA2A,-0.39734426324368344,3.196850781684579,False,False,170,-1.3219521695737355,5.312173101212004,True,False,False,-15.106159363814974
BR00117006,EDNRB,CONTINUOUS,4.657628655489441,2.1581539925337676,21.275494504478107,96,96,124,260,desonide|PLA2G1B|BRD-K21528677-001-04-4,PLA2G1B,-0.4099071323377388,3.0427967067579362,False,False,136,-1.3343364568201221,5.03785754420581,True,False,False,-16.617865848988664
BR00118050,KCNH7,CONTINUOUS,2.8239399331876407,1.6804582509505082,20.340209737698444,96,96,124,260,ANR-94|ADORA2A|BRD-K31170746-001-01-6,ADORA2A,-0.9023684640034701,3.196850781684579,False,False,35,-1.3406381493425759,3.9333446905546,True,False,False,-17.516269804510802
BR00118049,CSF1R,CONTINUOUS,2.004352575758504,1.4157515939452456,36.44277543917322,96,96,124,260,desonide|PLA2G1B|BRD-K21528677-001-04-4,PLA2G1B,-0.1508997675941195,1.6293881804437385,False,False,215,-1.3415451376664134,3.3150462609483062,True,False,False,-34.438422863414715
BR00118050,CACNA2D3,CONTINUOUS,6.595747836972967,2.568218806288313,20.340209737698444,96,96,124,260,ANR-94|ADORA2A|BRD-K31170746-001-01-6,ADORA2A,-0.2447735270280742,3.196850781684579,False,False,203,-1.353970643816849,6.045511676903394,True,False,False,-13.744461900725478
BR00118050,CDC25A,CONTINUOUS,8.134532987460645,2.8521102691622295,20.340209737698444,96,96,124,260,ANR-94|ADORA2A|BRD-K31170746-001-01-6,ADORA2A,-0.12087208417172857,3.196850781684579,False,False,214,-1.3661192890108285,6.748433122252984,True,False,False,-12.2056767502378
BR00117006,FFAR2,CONTINUOUS,10.611160007633488,3.257477552897869,21.275494504478107,96,96,124,260,desonide|PLA2G1B|BRD-K21528677-001-04-4,PLA2G1B,0.06590401396623158,3.0427967067579362,False,False,216,-1.3808900839083553,7.755696004250972,True,False,True,-10.664334496844619
BR00117006,AGER,CONTINUOUS,2.7054587388095057,1.6448278751314698,21.275494504478107,96,96,124,260,desonide|PLA2G1B|BRD-K21528677-001-04-4,PLA2G1B,-0.8499180082979065,3.0427967067579362,False,False,18,-1.4013637364652491,3.949830012070304,True,False,False,-18.570035765668603
BR00118049,CDK4,CONTINUOUS,1.758394592627762,1.3260447174314154,36.44277543917322,96,96,124,260,desonide|PLA2G1B|BRD-K21528677-001-04-4,PLA2G1B,-0.2287580946732164,1.6293881804437385,False,False,208,-1.404054885272639,3.1878842810333747,True,False,False,-34.68438084654546
BR00118050,ATM,CONTINUOUS,4.5077447541431965,2.123145014864316,20.340209737698444,96,96,124,260,ANR-94|ADORA2A|BRD-K31170746-001-01-6,ADORA2A,-0.5057147577304673,3.196850781684579,False,False,155,-1.4241522944227718,5.146826859178026,True,False,False,-15.832464983555248
BR00118039,HSP90AB1,CONTINUOUS,11.494186867292413,3.3903077835636712,21.371183642407196,96,96,124,260,geldanamycin|HSP90AB1|BRD-K43570081-001-02-4,HSP90AB1,-1.490578202722352,8.4438266662661,True,True,1,-1.490578202722352,8.4438266662661,True,False,False,-9.876996775114783
BR00117006,KCNJ1,CONTINUOUS,2.489631904011259,1.5778567438177837,21.275494504478107,96,96,124,260,desonide|PLA2G1B|BRD-K21528677-001-04-4,PLA2G1B,-0.9284366078720516,3.0427967067579362,False,False,19,-1.5139636444317164,3.966674490081831,True,False,False,-18.78586260046685
BR00117006,HIF1A,CONTINUOUS,3.895796360993231,1.973777181191745,21.275494504478107,96,96,124,260,desonide|PLA2G1B|BRD-K21528677-001-04-4,PLA2G1B,-0.541611046956773,3.0427967067579362,False,False,137,-1.5550914610238409,5.04318122162929,True,False,False,-17.379698143484877
BR00117006,ADH1C,CONTINUOUS,3.2972143469100192,1.8158233248061386,21.275494504478107,96,96,124,260,desonide|PLA2G1B|BRD-K21528677-001-04-4,PLA2G1B,-0.6757118741610593,3.0427967067579362,False,False,106,-1.5613931315582112,4.6510373922842,True,False,False,-17.978280157568086
BR00117006,BAX,CONTINUOUS,2.9022707888797585,1.7036052326991011,21.275494504478107,96,96,124,260,desonide|PLA2G1B|BRD-K21528677-001-04-4,PLA2G1B,-0.7860926042914915,3.0427967067579362,False,False,80,-1.5888612346096624,4.410397546015465,True,False,False,-18.37322371559835
BR00117006,CACNA2D3,CONTINUOUS,6.224303006678499,2.4948553077640594,21.275494504478107,96,96,124,260,desonide|PLA2G1B|BRD-K21528677-001-04-4,PLA2G1B,-0.21962852807032474,3.0427967067579362,False,False,196,-1.6573973509897209,6.629821885957514,True,False,False,-15.051191497799609
BR00118049,F10,CONTINUOUS,0.6161690678203479,0.7849643735994315,36.44277543917322,96,96,124,260,desonide|PLA2G1B|BRD-K21528677-001-04-4,PLA2G1B,-1.0757479386868862,1.6293881804437385,False,False,49,-1.663950863225359,2.0911065206540225,True,False,False,-35.82660637135287
BR00118050,HCK,CONTINUOUS,7.680028647617712,2.7712864607646956,20.340209737698444,96,96,124,260,ANR-94|ADORA2A|BRD-K31170746-001-01-6,ADORA2A,-0.15356201061989871,3.196850781684579,False,False,221,-1.7213967388539406,7.541769936757843,True,False,False,-12.660181090080732
BR00117006,HTR2C,CONTINUOUS,1.6928754404617945,1.301105468615744,21.275494504478107,96,96,124,260,desonide|PLA2G1B|BRD-K21528677-001-04-4,PLA2G1B,-1.338624177786949,3.0427967067579362,False,False,7,-1.7241254288355696,3.544374492655893,True,False,False,-19.582619064016313
BR00118049,CCND1,CONTINUOUS,2.224793260924773,1.491574088312335,36.44277543917322,96,96,124,260,desonide|PLA2G1B|BRD-K21528677-001-04-4,PLA2G1B,-0.09239506988636603,1.6293881804437385,False,False,237,-1.7426032737536281,4.090795977654236,True,False,False,-34.21798217824845
BR00118050,ASIC1,CONTINUOUS,1.425937858056993,1.1941263995310518,20.340209737698444,96,96,124,260,ANR-94|ADORA2A|BRD-K31170746-001-01-6,ADORA2A,-1.6771460566798826,3.196850781684579,False,False,3,-1.7649796102378459,3.301735146752855,True,False,False,-18.91427187964145
BR00118050,ICAM1,CONTINUOUS,2.7065209848025096,1.6451507483518066,20.340209737698444,96,96,124,260,ANR-94|ADORA2A|BRD-K31170746-001-01-6,ADORA2A,-0.9431962602122623,3.196850781684579,False,False,101,-1.8148088439152263,4.630784876037233,True,False,False,-17.633688752895935
BR00118039,ANXA1,CONTINUOUS,14.087056971546268,3.7532728346799233,21.371183642407196,96,96,124,260,geldanamycin|HSP90AB1|BRD-K43570081-001-02-4,HSP90AB1,-1.2497236513806311,8.4438266662661,False,False,3,-1.8218477215933762,10.591164397062677,True,False,False,-7.284126670860928
BR00118039,ABL1,CONTINUOUS,15.688523913342635,3.9608741350038676,21.371183642407196,96,96,124,260,geldanamycin|HSP90AB1|BRD-K43570081-001-02-4,HSP90AB1,-1.1318088832064648,8.4438266662661,False,False,4,-1.849191538081575,11.285289068862047,True,False,False,-5.682659729064561
BR00118050,GPR55,CONTINUOUS,2.5703699550568024,1.6032373358479406,20.340209737698444,96,96,124,260,ANR-94|ADORA2A|BRD-K31170746-001-01-6,ADORA2A,-0.9939972143873468,3.196850781684579,False,False,97,-1.8809442223566601,4.61883733978049,True,False,False,-17.769839782641643
BR00117006,CYP1A2,CONTINUOUS,2.1108647631277506,1.4528815378852298,21.275494504478107,96,96,124,260,desonide|PLA2G1B|BRD-K21528677-001-04-4,PLA2G1B,-1.094318516280993,3.0427967067579362,False,False,52,-1.9188927953730057,4.240805453466569,True,False,False,-19.164629741350357
BR00118050,HBB,CONTINUOUS,2.2429802363148945,1.4976582508419252,20.340209737698444,96,96,124,260,ANR-94|ADORA2A|BRD-K31170746-001-01-6,ADORA2A,-1.1345662669606362,3.196850781684579,False,False,74,-1.9305758377974693,4.389001083198298,True,False,False,-18.09722950138355
BR00118050,ELANE,CONTINUOUS,2.515702307203635,1.5860965630136252,20.340209737698444,96,96,124,260,ANR-94|ADORA2A|BRD-K31170746-001-01-6,ADORA2A,-1.015546125141626,3.196850781684579,False,False,106,-1.942435115382363,4.6669862234015085,True,False,False,-17.82450743049481
BR00117006,FGF1,CONTINUOUS,2.395444055944373,1.5477222153682402,21.275494504478107,96,96,124,260,desonide|PLA2G1B|BRD-K21528677-001-04-4,PLA2G1B,-0.9659837382588812,3.0427967067579362,False,False,101,-1.9667915435654684,4.5917691803458744,True,False,False,-18.880050448533733
BR00118050,FOXM1,CONTINUOUS,3.225355253557275,1.7959274076524572,20.340209737698444,96,96,124,260,ANR-94|ADORA2A|BRD-K31170746-001-01-6,ADORA2A,-0.7800556793448326,3.196850781684579,False,False,172,-1.9753480811519686,5.343509166249944,True,False,False,-17.11485448414117
BR00118039,ADA,CONTINUOUS,16.660698547909742,4.081751896907717,21.371183642407196,96,96,124,260,geldanamycin|HSP90AB1|BRD-K43570081-001-02-4,HSP90AB1,-1.0686770973661988,8.4438266662661,False,False,7,-2.010040370928013,12.286237993807234,True,False,False,-4.710485094497454
BR00118039,CYP2A6,CONTINUOUS,20.40841968526875,4.51756789492629,21.371183642407196,96,96,124,260,geldanamycin|HSP90AB1|BRD-K43570081-001-02-4,HSP90AB1,-0.8691089680683155,8.4438266662661,False,False,19,-2.0202508774206027,13.644188398461294,True,False,False,-0.9627639571384456
BR00118049,ADH1C,CONTINUOUS,0.6284862884712074,0.7927712712196421,36.44277543917322,96,96,124,260,desonide|PLA2G1B|BRD-K21528677-001-04-4,PLA2G1B,-1.0553067947769406,1.6293881804437385,False,False,121,-2.035571480022334,2.4065138610984316,True,False,False,-35.81428915070201
BR00117006,GPR55,CONTINUOUS,2.0829256810604773,1.4432344511757185,21.275494504478107,96,96,124,260,desonide|PLA2G1B|BRD-K21528677-001-04-4,PLA2G1B,-1.1083176778915163,3.0427967067579362,False,False,75,-2.0403845660378255,4.387987750531766,True,False,False,-19.19256882341763
BR00117006,ICAM1,CONTINUOUS,2.867308776499748,1.6933129588176392,21.275494504478107,96,96,124,260,desonide|PLA2G1B|BRD-K21528677-001-04-4,PLA2G1B,-0.7969488102664619,3.0427967067579362,False,False,148,-2.041992668240355,5.151045605762683,True,False,False,-18.40818572797836
BR00117006,CSF1R,CONTINUOUS,4.216961701674909,2.0535242150203414,21.275494504478107,96,96,124,260,desonide|PLA2G1B|BRD-K21528677-001-04-4,PLA2G1B,-0.48174376737325875,3.0427967067579362,False,False,189,-2.0461104789957365,6.255261630248002,True,False,False,-17.0585328028032
BR00117006,F10,CONTINUOUS,1.300035745364935,1.1401911003708698,21.275494504478107,96,96,124,260,desonide|PLA2G1B|BRD-K21528677-001-04-4,PLA2G1B,-1.6686725635426702,3.0427967067579362,False,False,5,-2.0590277064114515,3.48787616664131,True,False,False,-19.975458759113174
BR00118050,DDR2,CONTINUOUS,7.936135760674796,2.817114793662977,20.340209737698444,96,96,124,260,ANR-94|ADORA2A|BRD-K31170746-001-01-6,ADORA2A,-0.13479606470942285,3.196850781684579,False,False,230,-2.0596865336359356,8.619488197880248,True,False,False,-12.404073977023648
BR00117006,DHH,CONTINUOUS,2.3980042310700695,1.5485490728646831,21.275494504478107,96,96,124,260,desonide|PLA2G1B|BRD-K21528677-001-04-4,PLA2G1B,-0.9649339889029529,3.0427967067579362,False,False,117,-2.0871340945662094,4.780578639952544,True,False,False,-18.87749027340804
BR00118050,HDAC6,CONTINUOUS,2.7386884024611096,1.654898305776252,20.340209737698444,96,96,124,260,ANR-94|ADORA2A|BRD-K31170746-001-01-6,ADORA2A,-0.9317505918788898,3.196850781684579,False,False,152,-2.108308412580622,5.143934325812852,True,False,False,-17.601521335237337
BR00117006,LCK,CONTINUOUS,4.851213735832478,2.202547101841974,21.275494504478107,96,96,124,260,desonide|PLA2G1B|BRD-K21528677-001-04-4,PLA2G1B,-0.38148995960716836,3.0427967067579362,False,False,207,-2.124409429689998,6.881658934334564,True,False,False,-16.42428076864563
BR00118049,HBB,CONTINUOUS,0.36182450923828385,0.601518502822884,36.44277543917322,96,96,124,260,desonide|PLA2G1B|BRD-K21528677-001-04-4,PLA2G1B,-1.70879145495014,1.6293881804437385,False,False,15,-2.1284010937554845,1.8817911421484002,True,False,False,-36.080950929934936
BR00118039,KDR,CONTINUOUS,12.939038937338262,3.5970875632014105,21.371183642407196,96,96,124,260,geldanamycin|HSP90AB1|BRD-K43570081-001-02-4,HSP90AB1,-1.347406483135134,8.4438266662661,False,False,4,-2.1373406597906097,11.285289068862047,True,False,False,-8.432144705068934
BR00117006,CDK9,CONTINUOUS,6.539050978828981,2.5571568154552002,21.275494504478107,96,96,124,260,desonide|PLA2G1B|BRD-K21528677-001-04-4,PLA2G1B,-0.18991400463451713,3.0427967067579362,False,False,223,-2.1882164075755246,8.152769315781036,True,False,False,-14.736443525649126
BR00118050,CDK9,CONTINUOUS,4.276927339629883,2.0680733400026905,20.340209737698444,96,96,124,260,ANR-94|ADORA2A|BRD-K31170746-001-01-6,ADORA2A,-0.5458111276067579,3.196850781684579,False,False,216,-2.318382241982176,6.862657846585013,True,False,False,-16.063282398068562
BR00118050,CSF1R,CONTINUOUS,3.607052831131298,1.8992242708883271,20.340209737698444,96,96,124,260,ANR-94|ADORA2A|BRD-K31170746-001-01-6,ADORA2A,-0.6832402737711578,3.196850781684579,False,False,211,-2.4565637226403227,6.564789715914066,True,False,False,-16.733156906567146
BR00118039,ALDH2,CONTINUOUS,16.511521552462234,4.0634371599007455,21.371183642407196,96,96,124,260,geldanamycin|HSP90AB1|BRD-K43570081-001-02-4,HSP90AB1,-1.0780010454179814,8.4438266662661,False,False,57,-2.574485591353427,14.52469757943888,True,False,False,-4.859662089944962
BR00118049,HCK,CONTINUOUS,1.0862982909133425,1.042256346065277,36.44277543917322,96,96,124,260,desonide|PLA2G1B|BRD-K21528677-001-04-4,PLA2G1B,-0.5633276655915183,1.6293881804437385,False,False,233,-2.7436276414266603,3.9018196665860656,True,False,False,-35.35647714825988
BR00118039,GLRA3,CONTINUOUS,16.46655009884259,4.057899715227397,21.371183642407196,96,96,124,260,geldanamycin|HSP90AB1|BRD-K43570081-001-02-4,HSP90AB1,-1.0808367034252453,8.4438266662661,False,False,110,-2.8033271585263457,15.433520193504489,True,False,False,-4.904633543564607
BR00117006,CTSG,CONTINUOUS,4.217364811243166,2.053622363348034,21.275494504478107,96,96,124,260,desonide|PLA2G1B|BRD-K21528677-001-04-4,PLA2G1B,-0.48167295071512695,3.0427967067579362,False,False,221,-2.926548142102655,8.063647075388614,True,False,False,-17.058129693234942
BR00118050,HSP90AB1,CONTINUOUS,14.628855372802642,3.824768669188065,20.340209737698444,96,96,124,260,ANR-94|ADORA2A|BRD-K31170746-001-01-6,ADORA2A,0.16417146808453087,3.196850781684579,False,False,246,-2.9304530452448376,15.033073663171207,True,False,True,-5.7113543648958025
BR00117006,CDC25A,CONTINUOUS,2.502666469616383,1.5819818170941102,21.275494504478107,96,96,124,260,desonide|PLA2G1B|BRD-K21528677-001-04-4,PLA2G1B,-0.92340814153302,3.0427967067579362,False,False,191,-2.9673568303825255,6.276286367593245,True,False,False,-18.772828034861725
BR00117006,HSP90AB1,CONTINUOUS,17.855649898894605,4.22559462074802,21.275494504478107,96,96,124,260,desonide|PLA2G1B|BRD-K21528677-001-04-4,PLA2G1B,0.2799127744491079,3.0427967067579362,False,False,248,-3.0107070892982097,16.947622301938477,True,False,True,-3.419844605583503
BR00118050,CASP3,CONTINUOUS,1.3448368936519537,1.159671028202375,20.340209737698444,96,96,124,260,ANR-94|ADORA2A|BRD-K31170746-001-01-6,ADORA2A,-1.7566876329033696,3.196850781684579,False,False,110,-3.0423347707227943,4.687778519906358,True,False,False,-18.99537284404649
BR00118039,CHRM3,CONTINUOUS,11.73776548216761,3.4260422475748324,21.371183642407196,96,96,124,260,geldanamycin|HSP90AB1|BRD-K43570081-001-02-4,HSP90AB1,-1.4646008589767696,8.4438266662661,False,False,29,-3.062528211815624,13.91839328564903,True,False,False,-9.633418160239586
BR00118050,BAX,CONTINUOUS,1.3157804961986854,1.147074756150917,20.340209737698444,96,96,124,260,ANR-94|ADORA2A|BRD-K31170746-001-01-6,ADORA2A,-1.7869594065595429,3.196850781684579,False,False,109,-3.076614107996588,4.676181133855651,True,False,False,-19.02442924149976
BR00118039,CCND1,CONTINUOUS,8.166195850199832,2.857655656337872,21.371183642407196,96,96,124,260,geldanamycin|HSP90AB1|BRD-K43570081-001-02-4,HSP90AB1,-1.9548090049044027,8.4438266662661,False,False,6,-3.207800817436369,12.02444580669437,True,False,False,-13.204987792207364
BR00118039,CACNB4,CONTINUOUS,10.274789538637746,3.205431256264552,21.371183642407196,96,96,124,260,geldanamycin|HSP90AB1|BRD-K43570081-001-02-4,HSP90AB1,-1.6342248487660518,8.4438266662661,False,False,17,-3.235157486325705,13.575506181875465,True,False,False,-11.09639410376945
BR00118039,HPGDS,CONTINUOUS,10.537306769282408,3.246121804443328,21.371183642407196,96,96,124,260,geldanamycin|HSP90AB1|BRD-K43570081-001-02-4,HSP90AB1,-1.6012045064684552,8.4438266662661,False,False,27,-3.259791358147118,13.827801610064878,True,False,False,-10.833876873124789
BR00118050,CTSG,CONTINUOUS,3.5711019803457016,1.8897359551920743,20.340209737698444,96,96,124,260,ANR-94|ADORA2A|BRD-K31170746-001-01-6,ADORA2A,-0.6916917799544946,3.196850781684579,False,False,228,-3.48755761565328,8.480298977300507,True,False,False,-16.769107757352742
BR00118039,KCNMA1,CONTINUOUS,8.913902298705029,2.9856158993924566,21.371183642407196,96,96,124,260,geldanamycin|HSP90AB1|BRD-K43570081-001-02-4,HSP90AB1,-1.8281691117673597,8.4438266662661,False,False,25,-3.617609303111781,13.786407752557674,True,False,False,-12.457281343702167
BR00118039,GHSR,CONTINUOUS,11.124762903692917,3.3353804736031116,21.371183642407196,96,96,124,260,geldanamycin|HSP90AB1|BRD-K43570081-001-02-4,HSP90AB1,-1.5315932419373897,8.4438266662661,False,False,121,-3.657536535378415,15.53465641519891,True,False,False,-10.24642073871428
BR00118039,CSF1R,CONTINUOUS,11.337096203822409,3.3670604692851014,21.371183642407196,96,96,124,260,geldanamycin|HSP90AB1|BRD-K43570081-001-02-4,HSP90AB1,-1.5077739895940732,8.4438266662661,False,False,149,-3.680077618488733,15.758104342404053,True,False,False,-10.034087438584788
BR00118039,GRIN2A,CONTINUOUS,9.856509290789226,3.1395078102768315,21.371183642407196,96,96,124,260,geldanamycin|HSP90AB1|BRD-K43570081-001-02-4,HSP90AB1,-1.6895383533124133,8.4438266662661,False,False,69,-3.7114296260366197,14.79157010851633,True,False,False,-11.51467435161797
BR00118039,DDR2,CONTINUOUS,5.635743600560381,2.373972114528808,21.371183642407196,96,96,124,260,geldanamycin|HSP90AB1|BRD-K43570081-001-02-4,HSP90AB1,-2.5568348147756126,8.4438266662661,False,False,4,-3.75375805797838,11.285289068862047,True,False,False,-15.735440041846815
BR00118039,AKR1C1,CONTINUOUS,8.698112277003622,2.949256224373125,21.371183642407196,96,96,124,260,geldanamycin|HSP90AB1|BRD-K43570081-001-02-4,HSP90AB1,-1.863035973776067,8.4438266662661,False,False,51,-3.877185303263338,14.384069113075403,True,False,False,-12.673071365403574
BR00118039,CDK4,CONTINUOUS,5.786280149682478,2.405468800396812,21.371183642407196,96,96,124,260,geldanamycin|HSP90AB1|BRD-K43570081-001-02-4,HSP90AB1,-2.5102623924574186,8.4438266662661,False,False,6,-3.9987951640469372,12.02444580669437,True,False,False,-15.584903492724719
BR00118039,KCNN1,CONTINUOUS,7.547754930594586,2.7473177702250946,21.371183642407196,96,96,124,260,geldanamycin|HSP90AB1|BRD-K43570081-001-02-4,HSP90AB1,-2.0734801622788623,8.4438266662661,False,False,24,-4.015925429530611,13.780341066678405,True,False,False,-13.82342871181261
BR00118039,HSD11B1,CONTINUOUS,6.672847975435956,2.583185625431505,21.371183642407196,96,96,124,260,geldanamycin|HSP90AB1|BRD-K43570081-001-02-4,HSP90AB1,-2.268764963358892,8.4438266662661,False,False,16,-4.2419461730574435,13.54092000353292,True,False,False,-14.69833566697124
BR00117006,CCND1,CONTINUOUS,4.006435063585263,2.0016081193843274,21.275494504478107,96,96,124,260,desonide|PLA2G1B|BRD-K21528677-001-04-4,PLA2G1B,-0.5201760410985676,3.0427967067579362,False,False,236,-4.300141395099331,10.608806050321098,True,False,False,-17.269059440892846
BR00118039,HTR2C,CONTINUOUS,6.79434207896119,2.6065958794874953,21.371183642407196,96,96,124,260,geldanamycin|HSP90AB1|BRD-K43570081-001-02-4,HSP90AB1,-2.239407662964261,8.4438266662661,False,False,29,-4.339682071614531,13.91839328564903,True,False,False,-14.576841563446006
BR00118050,CCND1,CONTINUOUS,3.4926756639542598,1.8688701570612818,20.340209737698444,96,96,124,260,ANR-94|ADORA2A|BRD-K31170746-001-01-6,ADORA2A,-0.7105793945095571,3.196850781684579,False,False,237,-4.373969035585096,10.043250355581758,True,False,False,-16.847534073744185
BR00118039,BTK,CONTINUOUS,7.700036964780156,2.7748940456853766,21.371183642407196,96,96,124,260,geldanamycin|HSP90AB1|BRD-K43570081-001-02-4,HSP90AB1,-2.0429366048740425,8.4438266662661,False,False,84,-4.43684600249246,15.086671599630106,True,False,False,-13.67114667762704
BR00118039,GPR55,CONTINUOUS,8.089034376709993,2.8441227780653198,21.371183642407196,96,96,124,260,geldanamycin|HSP90AB1|BRD-K43570081-001-02-4,HSP90AB1,-1.9688685493412286,8.4438266662661,False,False,142,-4.518375232472344,15.694936696591618,True,False,False,-13.282149265697203
BR00118039,HTR3A,CONTINUOUS,5.997309878355658,2.4489405624383083,21.371183642407196,96,96,124,260,geldanamycin|HSP90AB1|BRD-K43570081-001-02-4,HSP90AB1,-2.4479508387314572,8.4438266662661,False,False,29,-4.683434501891455,13.91839328564903,True,False,False,-15.373873764051538
BR00118039,CCR1,CONTINUOUS,5.69761520078232,2.3869677837755416,21.371183642407196,96,96,124,260,geldanamycin|HSP90AB1|BRD-K43570081-001-02-4,HSP90AB1,-2.5374698911548346,8.4438266662661,False,False,20,-4.727450921285654,13.67124083227013,True,False,False,-15.673568441624877
BR00118049,HSP90AB1,CONTINUOUS,0.8907091144813367,0.9437738682975582,36.44277543917322,96,96,124,260,desonide|PLA2G1B|BRD-K21528677-001-04-4,PLA2G1B,-0.7264603685003594,1.6293881804437385,False,False,251,-4.787340515395646,5.4619407453759194,True,False,False,-35.55206632469188
BR00118039,FFAR2,CONTINUOUS,4.038540651599473,2.0096120649517095,21.371183642407196,96,96,124,260,geldanamycin|HSP90AB1|BRD-K43570081-001-02-4,HSP90AB1,-3.201719731646217,8.4438266662661,False,False,5,-4.952173823992332,11.961560329390696,True,False,False,-17.332642990807724
BR00118039,KCNN4,CONTINUOUS,5.231973005407537,2.2873506520443114,21.371183642407196,96,96,124,260,geldanamycin|HSP90AB1|BRD-K43570081-001-02-4,HSP90AB1,-2.6915313612785026,8.4438266662661,False,False,24,-5.024586153573021,13.780341066678405,True,False,False,-16.13921063699966
BR00118039,CA5A,CONTINUOUS,4.921166151732039,2.2183701566086844,21.371183642407196,96,96,124,260,geldanamycin|HSP90AB1|BRD-K43570081-001-02-4,HSP90AB1,-2.8063199872697195,8.4438266662661,False,False,15,-5.0834578961654895,13.49536144584506,True,False,False,-16.450017490675158
BR00118039,KCNQ2,CONTINUOUS,4.683068923928456,2.164039954328121,21.371183642407196,96,96,124,260,geldanamycin|HSP90AB1|BRD-K43570081-001-02-4,HSP90AB1,-2.9018811318036826,8.4438266662661,False,False,14,-5.18177499625774,13.377608080574502,True,False,False,-16.68811471847874
BR00118039,CACNG1,CONTINUOUS,4.459144839477348,2.1116687333664217,21.371183642407196,96,96,124,260,geldanamycin|HSP90AB1|BRD-K43570081-001-02-4,HSP90AB1,-2.9986511770721513,8.4438266662661,False,False,17,-5.428804843943002,13.575506181875465,True,False,False,-16.91203880292985
BR00118039,COMT,CONTINUOUS,5.798790858826574,2.408067868401257,21.371183642407196,96,96,124,260,geldanamycin|HSP90AB1|BRD-K43570081-001-02-4,HSP90AB1,-2.506473707432732,8.4438266662661,False,False,124,-5.454255352621037,15.54228492911,True,False,False,-15.572392783580622
BR00118039,GJB4,CONTINUOUS,5.0824282953861175,2.25442416048669,21.371183642407196,96,96,124,260,geldanamycin|HSP90AB1|BRD-K43570081-001-02-4,HSP90AB1,-2.7454472029963886,8.4438266662661,False,False,60,-5.502779165679525,14.660022461423903,True,False,False,-16.28875534702108
BR00118039,CATSPER4,CONTINUOUS,5.591611982354864,2.3646589568804344,21.371183642407196,96,96,124,260,geldanamycin|HSP90AB1|BRD-K43570081-001-02-4,HSP90AB1,-2.5708433309985677,8.4438266662661,False,False,143,-5.638101514153632,15.6968462021316,True,False,False,-15.779571660052333
BR00118039,HIF1A,CONTINUOUS,4.569944090020502,2.137742755810554,21.371183642407196,96,96,124,260,geldanamycin|HSP90AB1|BRD-K43570081-001-02-4,HSP90AB1,-2.9498796772021145,8.4438266662661,False,False,48,-5.712684936489317,14.349993595025378,True,False,False,-16.801239552386694
BR00118039,FOXM1,CONTINUOUS,6.075781226980188,2.464909983545076,21.371183642407196,96,96,124,260,geldanamycin|HSP90AB1|BRD-K43570081-001-02-4,HSP90AB1,-2.4256125873280845,8.4438266662661,False,False,218,-5.750003168948911,16.638150200109823,True,False,False,-15.29540241542701
BR00118039,CSK,CONTINUOUS,5.328509628594875,2.3083564777986254,21.371183642407196,96,96,124,260,geldanamycin|HSP90AB1|BRD-K43570081-001-02-4,HSP90AB1,-2.6579387748268997,8.4438266662661,False,False,154,-5.854822483464184,15.823373883871065,True,False,False,-16.04267401381232
BR00118039,AVPR1A,CONTINUOUS,3.9493200156233494,1.987289615436902,21.371183642407196,96,96,124,260,geldanamycin|HSP90AB1|BRD-K43570081-001-02-4,HSP90AB1,-3.2489160113713424,8.4438266662661,False,False,46,-6.193533379417185,14.29563418322169,True,False,False,-17.421863626783846
BR00118039,GPR119,CONTINUOUS,3.724308351859766,1.9298467171927842,21.371183642407196,96,96,124,260,geldanamycin|HSP90AB1|BRD-K43570081-001-02-4,HSP90AB1,-3.3753872217086647,8.4438266662661,False,False,33,-6.267612529630097,14.025378182143056,True,False,False,-17.64687529054743
BR00118039,CACNA2D3,CONTINUOUS,3.4008160041286235,1.8441301483703973,21.371183642407196,96,96,124,260,geldanamycin|HSP90AB1|BRD-K43570081-001-02-4,HSP90AB1,-3.5787585402923314,8.4438266662661,False,False,17,-6.3614686001768215,13.575506181875465,True,False,False,-17.970367638278574
BR00118039,FGF1,CONTINUOUS,4.415189618600837,2.1012352601745565,21.371183642407196,96,96,124,260,geldanamycin|HSP90AB1|BRD-K43570081-001-02-4,HSP90AB1,-3.018506078924558,8.4438266662661,False,False,136,-6.450673661406914,15.655618209409525,True,False,False,-16.95599402380636
BR00118039,LCK,CONTINUOUS,4.284355825416885,2.0698685526904566,21.371183642407196,96,96,124,260,geldanamycin|HSP90AB1|BRD-K43570081-001-02-4,HSP90AB1,-3.07940236363636,8.4438266662661,False,False,158,-6.659231248506703,15.853601899075748,True,False,False,-17.08682781699031
BR00118039,KCNK1,CONTINUOUS,4.309712024191033,2.0759845915109856,21.371183642407196,96,96,124,260,geldanamycin|HSP90AB1|BRD-K43570081-001-02-4,HSP90AB1,-3.0673840744243064,8.4438266662661,False,False,166,-6.671787203929537,15.926512024716539,True,False,False,-17.061471618216164
BR00118039,HRH4,CONTINUOUS,3.3188181140214326,1.821762364860311,21.371183642407196,96,96,124,260,geldanamycin|HSP90AB1|BRD-K43570081-001-02-4,HSP90AB1,-3.6349770031114454,8.4438266662661,False,False,34,-6.69954360034202,14.02673875771185,True,False,False,-18.052365528385764
BR00118039,KCNJ1,CONTINUOUS,3.925814870411783,1.9813669196824153,21.371183642407196,96,96,124,260,geldanamycin|HSP90AB1|BRD-K43570081-001-02-4,HSP90AB1,-3.261616857727322,8.4438266662661,False,False,99,-6.731836475839456,15.319605021629897,True,False,False,-17.445368771995412
BR00118039,HDAC6,CONTINUOUS,4.257437428582116,2.0633558657153923,21.371183642407196,96,96,124,260,geldanamycin|HSP90AB1|BRD-K43570081-001-02-4,HSP90AB1,-3.092278412349594,8.4438266662661,False,False,189,-6.816245354501805,16.127695700089802,True,False,False,-17.11374621382508
BR00118039,ADH1C,CONTINUOUS,3.938110127150654,1.9844672149346922,21.371183642407196,96,96,124,260,geldanamycin|HSP90AB1|BRD-K43570081-001-02-4,HSP90AB1,-3.2549590150521714,8.4438266662661,False,False,139,-6.894047616787852,15.665478688656728,True,False,False,-17.43307351525654
BR00118039,IL1B,CONTINUOUS,2.621521305016354,1.6191112701159096,21.371183642407196,96,96,124,260,geldanamycin|HSP90AB1|BRD-K43570081-001-02-4,HSP90AB1,-4.215099679749869,8.4438266662661,False,False,11,-6.969980129501291,12.904284650283367,True,False,False,-18.74966233739084
BR00118039,ASIC1,CONTINUOUS,3.2341928396554462,1.798386176452501,21.371183642407196,96,96,124,260,geldanamycin|HSP90AB1|BRD-K43570081-001-02-4,HSP90AB1,-3.6952244055376955,8.4438266662661,False,False,53,-7.00375991166459,14.393851184790295,True,False,False,-18.13699080275175
BR00118039,CDC25A,CONTINUOUS,3.5598773349092,1.886763719947254,21.371183642407196,96,96,124,260,geldanamycin|HSP90AB1|BRD-K43570081-001-02-4,HSP90AB1,-3.4752962848457134,8.4438266662661,False,False,95,-7.092112178167147,15.267903675517214,True,False,False,-17.811306307497997
BR00118039,ITGB2,CONTINUOUS,3.383516350321525,1.8394337037038124,21.371183642407196,96,96,124,260,geldanamycin|HSP90AB1|BRD-K43570081-001-02-4,HSP90AB1,-3.5904490329058047,8.4438266662661,False,False,118,-7.431766454554666,15.509675398275485,True,False,False,-17.98766729208567
BR00118039,ADORA2A,CONTINUOUS,2.8592627532067674,1.6909354668959922,21.371183642407196,96,96,124,260,geldanamycin|HSP90AB1|BRD-K43570081-001-02-4,HSP90AB1,-3.9935830382464133,8.4438266662661,False,False,54,-7.541087300953176,14.44242744304523,True,False,False,-18.51192088920043
BR00118039,CDK9,CONTINUOUS,3.39448052206721,1.842411604953467,21.371183642407196,96,96,124,260,geldanamycin|HSP90AB1|BRD-K43570081-001-02-4,HSP90AB1,-3.583029461798673,8.4438266662661,False,False,179,-7.701792946119561,16.0322843078416,True,False,False,-17.976703120339987
BR00118039,CYP1A2,CONTINUOUS,2.4428933801396226,1.5629758091984733,21.371183642407196,96,96,124,260,geldanamycin|HSP90AB1|BRD-K43570081-001-02-4,HSP90AB1,-4.402403937774871,8.4438266662661,False,False,19,-7.729622248887901,13.644188398461294,True,False,False,-18.928290262267573
BR00118039,KCTD16,CONTINUOUS,3.022360995807354,1.738493887192979,21.371183642407196,96,96,124,260,geldanamycin|HSP90AB1|BRD-K43570081-001-02-4,HSP90AB1,-3.8569780592642076,8.4438266662661,False,False,89,-7.731480719835149,15.17962585758549,True,False,False,-18.348822646599842
BR00118039,AKR1B1,CONTINUOUS,2.9429627247782246,1.7155065504912024,21.371183642407196,96,96,124,260,geldanamycin|HSP90AB1|BRD-K43570081-001-02-4,HSP90AB1,-3.922060288165877,8.4438266662661,False,False,91,-7.859611161174465,15.198720981808624,True,False,False,-18.42822091762897
BR00118039,KCNH7,CONTINUOUS,2.7582047301059895,1.6607843719477822,21.371183642407196,96,96,124,260,geldanamycin|HSP90AB1|BRD-K43570081-001-02-4,HSP90AB1,-4.0842401993210125,8.4438266662661,False,False,65,-7.860610922915441,14.715564146696641,True,False,False,-18.612978912301205
BR00118039,CA14,CONTINUOUS,2.2899085379917326,1.5132443748422568,21.371183642407196,96,96,124,260,geldanamycin|HSP90AB1|BRD-K43570081-001-02-4,HSP90AB1,-4.579949152059936,8.4438266662661,False,False,15,-7.918163959633366,13.49536144584506,True,False,False,-19.081275104415464
BR00118039,ADRA2B,CONTINUOUS,2.3365666456987326,1.5285832151697638,21.371183642407196,96,96,124,260,geldanamycin|HSP90AB1|BRD-K43570081-001-02-4,HSP90AB1,-4.523956159182872,8.4438266662661,False,False,29,-8.105420723917966,13.91839328564903,True,False,False,-19.034616996708465
BR00118039,BAX,CONTINUOUS,3.054730800017169,1.7477788189634205,21.371183642407196,96,96,124,260,geldanamycin|HSP90AB1|BRD-K43570081-001-02-4,HSP90AB1,-3.83117576128378,8.4438266662661,False,False,173,-8.15054124506973,15.99312217019319,True,False,False,-18.316452842390028
BR00118039,CTSG,CONTINUOUS,3.6250686762060567,1.903961311635837,21.371183642407196,96,96,124,260,geldanamycin|HSP90AB1|BRD-K43570081-001-02-4,HSP90AB1,-3.4348730274392683,8.4438266662661,False,False,233,-8.183776909509792,17.48555593041036,True,False,False,-17.74611496620114
BR00118039,CHRM2,CONTINUOUS,2.2626262414340084,1.5042028591363628,21.371183642407196,96,96,124,260,geldanamycin|HSP90AB1|BRD-K43570081-001-02-4,HSP90AB1,-4.613489307624707,8.4438266662661,False,False,29,-8.253002812154614,13.91839328564903,True,False,False,-19.108557400973186
BR00118039,ELANE,CONTINUOUS,2.3354925920064327,1.5282318515220237,21.371183642407196,96,96,124,260,geldanamycin|HSP90AB1|BRD-K43570081-001-02-4,HSP90AB1,-4.525226200364198,8.4438266662661,False,False,75,-8.774819103221677,14.938189896419086,True,False,False,-19.035691050400764
BR00118039,ATP5F1D,CONTINUOUS,2.39067564335537,1.5461809866103549,21.371183642407196,96,96,124,260,geldanamycin|HSP90AB1|BRD-K43570081-001-02-4,HSP90AB1,-4.461085564615421,8.4438266662661,False,False,131,-9.088625481128245,15.598840899963324,True,False,False,-18.980507999051827
BR00118039,GAA,CONTINUOUS,2.484548905622923,1.5762451921014455,21.371183642407196,96,96,124,260,geldanamycin|HSP90AB1|BRD-K43570081-001-02-4,HSP90AB1,-4.356924613361362,8.4438266662661,False,False,171,-9.140076018881938,15.983246072315962,True,False,False,-18.886634736784274
BR00118039,CYP3A4,CONTINUOUS,1.7757350545281536,1.3325670919425234,21.371183642407196,96,96,124,260,geldanamycin|HSP90AB1|BRD-K43570081-001-02-4,HSP90AB1,-5.336511472717626,8.4438266662661,False,False,19,-9.239025472677332,13.644188398461294,True,False,False,-19.59544858787904
BR00118039,HCK,CONTINUOUS,3.303772524669816,1.8176282691105505,21.371183642407196,96,96,124,260,geldanamycin|HSP90AB1|BRD-K43570081-001-02-4,HSP90AB1,-3.645519003945404,8.4438266662661,False,False,244,-9.862528319873663,19.744038548227167,True,False,False,-18.06741111773738
BR00118039,FFAR4,CONTINUOUS,1.8837547830518324,1.3724994655925489,21.371183642407196,96,96,124,260,geldanamycin|HSP90AB1|BRD-K43570081-001-02-4,HSP90AB1,-5.1521529719609,8.4438266662661,False,False,80,-9.9219327649406,14.990346883129646,True,False,False,-19.487428859355365
BR00118039,CASP3,CONTINUOUS,2.0048986063640606,1.4159444220604354,21.371183642407196,96,96,124,260,geldanamycin|HSP90AB1|BRD-K43570081-001-02-4,HSP90AB1,-4.963388488068592,8.4438266662661,False,False,132,-10.035812478453295,15.626097121781928,True,False,False,-19.366285036043134
BR00118039,FPR1,CONTINUOUS,1.7756981640217473,1.3325532499760553,21.371183642407196,96,96,124,260,geldanamycin|HSP90AB1|BRD-K43570081-001-02-4,HSP90AB1,-5.336577293561432,8.4438266662661,False,False,81,-10.255929591219097,14.999125558291915,True,False,False,-19.59548547838545
BR00118039,GUCY1B1,CONTINUOUS,1.7481319373763813,1.3221694057027569,21.371183642407196,96,96,124,260,geldanamycin|HSP90AB1|BRD-K43570081-001-02-4,HSP90AB1,-5.386342498805337,8.4438266662661,False,False,120,-10.747413534880794,15.532070771969611,True,False,False,-19.623051705030814
BR00118039,DCK,CONTINUOUS,1.3969779447071908,1.1819382152664288,21.371183642407196,96,96,124,260,geldanamycin|HSP90AB1|BRD-K43570081-001-02-4,HSP90AB1,-6.144050811789324,8.4438266662661,False,False,42,-11.087671213880572,14.28688054127348,True,False,False,-19.974205697700004
BR00118039,EDNRB,CONTINUOUS,1.720343296417368,1.3116185788625319,21.371183642407196,96,96,124,260,geldanamycin|HSP90AB1|BRD-K43570081-001-02-4,HSP90AB1,-5.43771505095815,8.4438266662661,False,False,174,-11.19706897256898,15.997902272101404,True,False,False,-19.650840345989828
BR00118039,F10,CONTINUOUS,1.5651641188670045,1.2510651936917614,21.371183642407196,96,96,124,260,geldanamycin|HSP90AB1|BRD-K43570081-001-02-4,HSP90AB1,-5.749309875165265,8.4438266662661,False,False,102,-11.298384332467666,15.386080577006684,True,False,False,-19.806019523540193
BR00118039,ICAM1,CONTINUOUS,0.906702203823094,0.952209117695842,21.371183642407196,96,96,124,260,geldanamycin|HSP90AB1|BRD-K43570081-001-02-4,HSP90AB1,-7.867617952125499,8.4438266662661,False,False,26,-13.506136027818183,13.812874988239125,True,False,False,-20.4644814385841
BR00118039,AGER,CONTINUOUS,1.083976198974016,1.0411417765962596,21.371183642407196,96,96,124,260,geldanamycin|HSP90AB1|BRD-K43570081-001-02-4,HSP90AB1,-7.110160264496223,8.4438266662661,False,False,138,-14.045144724196312,15.664128707312637,True,False,False,-20.28720744343318
BR00118039,HBB,CONTINUOUS,0.9882955012355238,0.9941305252508464,21.371183642407196,96,96,124,260,geldanamycin|HSP90AB1|BRD-K43570081-001-02-4,HSP90AB1,-7.493680107174052,8.4438266662661,False,False,104,-14.48355978609726,15.392679422921235,True,False,False,-20.382888141171673
BR00118039,ALK,CONTINUOUS,0.7360627881291903,0.8579410166958975,21.371183642407196,96,96,124,260,geldanamycin|HSP90AB1|BRD-K43570081-001-02-4,HSP90AB1,-8.841966407871631,8.4438266662661,False,False,47,-15.71112205022655,14.337157041917306,True,False,False,-20.635120854278007
BR00118039,DHH,CONTINUOUS,0.4808724716315224,0.6934496893297468,21.371183642407196,96,96,124,260,geldanamycin|HSP90AB1|BRD-K43570081-001-02-4,HSP90AB1,-11.176552670194859,8.4438266662661,False,False,68,-20.327588335883057,14.789609505692166,True,False,False,-20.890311170775675
